spec_id,svc_id,freq
1,0,0.003538463825056768
1,1,0.0034317700902069845
1,2,0.0032696151880719096
6,2,0.0029931759722712048
6,0,0.0029368766883812202
1,5,0.0028040827748497996
1,4,0.002707935339784264
1,9,0.0025516735768518024
20,2,0.0025516735768518024
1,17,0.0025516735768518024
6,1,0.0024723418887228534
3,1,0.0024323572394908924
19,1,0.002412282675344499
1,18,0.0023314180482611494
20,24,0.0023110562174743264
0,4,0.0022290000585501474
1,10,0.0022083291539959824
1,7,0.002187593549929183
1,6,0.0021459241120189423
1,3,0.0020829080840104918
6,4,0.0020829080840104918
1,46,0.0020829080840104918
20,34,0.0020617616670573513
6,5,0.0019764377202016676
1,21,0.0019764377202016676
7,19,0.0019764377202016676
20,7,0.0019549155460423994
1,12,0.0019549155460423994
7,9,0.0019549155460423994
6,20,0.00191163189237736
6,10,0.0018898673985040327
1,15,0.0018898673985040327
6,7,0.0018898673985040327
6,9,0.0018680190301226913
6,14,0.0018680190301226913
6,8,0.0018680190301226913
6,3,0.0018460851457227775
7,4,0.001824064045044884
0,15,0.0017797530813400521
1,30,0.0017797530813400521
1,11,0.0017574594951770164
1,16,0.0017574594951770164
7,13,0.0017574594951770164
1,22,0.0017574594951770164
7,45,0.0017574594951770164
0,0,0.0017574594951770164
0,1,0.0017574594951770164
7,70,0.0017350712391360611
6,11,0.0017350712391360611
7,14,0.0017350712391360611
6,29,0.001712586268313183
19,7,0.001712586268313183
1,8,0.001712586268313183
6,12,0.001712586268313183
1,19,0.001712586268313183
1,14,0.001712586268313183
7,58,0.0016900024568954493
1,13,0.0016900024568954493
20,26,0.0016673175934539776
6,6,0.0016673175934539776
19,15,0.0016673175934539776
1,50,0.0016445293758722709
1,27,0.0016445293758722709
6,33,0.0016445293758722709
1,47,0.0016216354058743707
20,36,0.0016216354058743707
0,6,0.0016216354058743707
19,40,0.0015986331831130728
19,0,0.0015755200987736726
6,50,0.0015755200987736726
20,1,0.0015755200987736726
0,52,0.0015755200987736726
6,17,0.001552293428643229
1,34,0.001552293428643229
6,39,0.0015289503255890631
1,29,0.0015289503255890631
0,39,0.0015289503255890631
7,38,0.0015054878113830142
20,0,0.0015054878113830142
1,38,0.0015054878113830142
0,16,0.0015054878113830142
19,27,0.0015054878113830142
6,66,0.0015054878113830142
20,8,0.0015054878113830142
20,16,0.0014819027677996756
6,63,0.0014819027677996756
6,13,0.0014819027677996756
6,54,0.0014819027677996756
19,18,0.0014819027677996756
0,12,0.0014819027677996756
6,18,0.0014819027677996756
6,31,0.0014819027677996756
7,1,0.0014581919269072725
7,0,0.0014581919269072725
6,24,0.0014581919269072725
1,75,0.0014581919269072725
6,35,0.0014581919269072725
6,44,0.0014581919269072725
1,44,0.0014581919269072725
1,45,0.001434351860458739
1,144,0.001434351860458739
1,56,0.001434351860458739
7,10,0.001434351860458739
20,4,0.001434351860458739
6,56,0.001434351860458739
1,25,0.001434351860458739
2,1,0.0014103789682776903
19,4,0.0014103789682776903
1,33,0.0014103789682776903
19,42,0.001386269465518958
1,20,0.001386269465518958
7,161,0.001386269465518958
7,97,0.001386269465518958
20,74,0.0013620193686658209
1,35,0.0013620193686658209
6,23,0.0013620193686658209
6,73,0.0013620193686658209
19,11,0.0013620193686658209
1,39,0.0013376244801054666
0,18,0.0013376244801054666
7,6,0.0013376244801054666
6,21,0.0013376244801054666
1,115,0.0013376244801054666
0,23,0.0013376244801054666
1,36,0.001313080371099981
6,15,0.001313080371099981
1,76,0.001313080371099981
7,3,0.001313080371099981
7,20,0.001313080371099981
1,94,0.0012883823629414998
0,13,0.0012883823629414998
0,32,0.0012883823629414998
1,68,0.0012883823629414998
6,55,0.0012883823629414998
20,5,0.0012883823629414998
1,54,0.0012883823629414998
1,51,0.0012883823629414998
20,129,0.0012883823629414998
7,131,0.0012883823629414998
7,12,0.0012883823629414998
1,95,0.0012635255060461622
0,33,0.0012635255060461622
1,80,0.0012635255060461622
7,85,0.0012635255060461622
3,64,0.0012635255060461622
0,22,0.0012635255060461622
19,23,0.0012635255060461622
20,14,0.0012385045567009812
0,49,0.0012385045567009812
23,90,0.0012385045567009812
1,62,0.0012385045567009812
1,24,0.0012385045567009812
23,23,0.0012385045567009812
20,71,0.0012385045567009812
1,59,0.0012133139511292643
6,26,0.0012133139511292643
6,60,0.0012133139511292643
6,49,0.0012133139511292643
23,67,0.0012133139511292643
1,23,0.0012133139511292643
0,25,0.0012133139511292643
6,36,0.001187947776481916
0,26,0.001187947776481916
6,30,0.001187947776481916
6,61,0.001187947776481916
6,47,0.001187947776481916
2,2,0.001187947776481916
7,49,0.001187947776481916
1,32,0.0011623997382915255
1,40,0.0011623997382915255
19,46,0.0011623997382915255
19,16,0.0011623997382915255
23,12,0.0011623997382915255
2,8,0.0011623997382915255
20,6,0.0011623997382915255
6,45,0.0011623997382915255
1,52,0.0011623997382915255
1,63,0.0011623997382915255
20,31,0.0011623997382915255
20,27,0.0011623997382915255
20,50,0.0011623997382915255
19,43,0.0011366631238406363
6,115,0.0011366631238406363
1,99,0.0011366631238406363
20,145,0.0011366631238406363
1,77,0.0011366631238406363
23,51,0.0011366631238406363
6,111,0.0011366631238406363
20,49,0.0011366631238406363
20,18,0.0011366631238406363
0,21,0.0011366631238406363
1,71,0.0011107307607911932
0,51,0.0011107307607911932
0,7,0.0011107307607911932
19,67,0.0011107307607911932
1,42,0.0011107307607911932
7,146,0.0011107307607911932
1,107,0.0011107307607911932
23,106,0.0011107307607911932
23,25,0.0011107307607911932
6,88,0.0011107307607911932
6,62,0.0011107307607911932
0,151,0.0011107307607911932
20,138,0.00108459497029401
19,14,0.00108459497029401
6,96,0.00108459497029401
6,51,0.00108459497029401
6,87,0.00108459497029401
6,80,0.00108459497029401
0,78,0.00108459497029401
6,103,0.00108459497029401
7,42,0.00108459497029401
0,35,0.00108459497029401
0,5,0.00108459497029401
1,53,0.00108459497029401
3,0,0.00108459497029401
0,14,0.00108459497029401
1,26,0.00108459497029401
19,59,0.0010582475136388032
19,53,0.0010582475136388032
7,26,0.0010582475136388032
19,6,0.0010582475136388032
6,109,0.0010582475136388032
6,57,0.0010582475136388032
1,116,0.0010582475136388032
0,10,0.0010582475136388032
0,53,0.0010582475136388032
1,126,0.0010582475136388032
1,64,0.0010582475136388032
19,106,0.0010316795313085958
0,17,0.0010316795313085958
19,2,0.0010316795313085958
1,31,0.0010316795313085958
3,5,0.0010316795313085958
1,41,0.0010316795313085958
1,88,0.0010316795313085958
7,17,0.0010316795313085958
20,38,0.0010316795313085958
0,11,0.0010316795313085958
6,58,0.0010316795313085958
6,25,0.0010316795313085958
2,10,0.0010048814730560737
6,70,0.0010048814730560737
20,142,0.0010048814730560737
6,69,0.0010048814730560737
1,67,0.0010048814730560737
19,36,0.0010048814730560737
0,120,0.0010048814730560737
19,8,0.0010048814730560737
7,11,0.0010048814730560737
1,152,0.0009778430173091443
17,5,0.0009778430173091443
7,108,0.0009778430173091443
1,55,0.0009778430173091443
6,119,0.0009778430173091443
1,84,0.0009778430173091443
19,121,0.0009778430173091443
0,61,0.0009778430173091443
17,1,0.0009778430173091443
1,130,0.0009778430173091443
2,150,0.0009778430173091443
7,8,0.0009778430173091443
0,98,0.0009778430173091443
6,46,0.0009778430173091443
6,71,0.0009505529778187571
7,53,0.0009505529778187571
0,29,0.0009505529778187571
6,74,0.0009505529778187571
23,1,0.0009505529778187571
1,119,0.0009505529778187571
20,30,0.0009505529778187571
0,56,0.0009505529778187571
1,49,0.0009505529778187571
7,25,0.0009505529778187571
3,16,0.0009505529778187571
19,92,0.0009505529778187571
0,44,0.0009505529778187571
1,92,0.0009505529778187571
23,6,0.0009229991949572483
6,72,0.0009229991949572483
6,59,0.0009229991949572483
19,20,0.0009229991949572483
0,68,0.0009229991949572483
17,2,0.0009229991949572483
11,53,0.0009229991949572483
0,3,0.0009229991949572483
6,41,0.0009229991949572483
3,43,0.0009229991949572483
6,32,0.0009229991949572483
1,100,0.0009229991949572483
6,86,0.0009229991949572483
20,11,0.0008951684084232775
6,27,0.0008951684084232775
6,130,0.0008951684084232775
20,83,0.0008951684084232775
3,90,0.0008951684084232775
0,104,0.0008951684084232775
19,21,0.0008951684084232775
7,30,0.0008951684084232775
7,51,0.0008951684084232775
20,17,0.0008951684084232775
6,113,0.0008951684084232775
7,54,0.0008951684084232775
1,106,0.0008951684084232775
19,72,0.0008951684084232775
11,27,0.0008951684084232775
7,15,0.0008951684084232775
20,43,0.0008951684084232775
0,69,0.0008670461072588279
7,80,0.0008670461072588279
7,77,0.0008670461072588279
7,2,0.0008670461072588279
6,64,0.0008670461072588279
0,38,0.0008670461072588279
11,1,0.0008670461072588279
7,22,0.0008670461072588279
7,31,0.0008670461072588279
6,142,0.0008670461072588279
1,73,0.0008670461072588279
20,128,0.0008670461072588279
19,30,0.0008670461072588279
6,65,0.0008670461072588279
1,97,0.0008670461072588279
7,52,0.0008670461072588279
6,95,0.0008670461072588279
6,94,0.0008670461072588279
6,91,0.0008670461072588279
6,89,0.0008670461072588279
0,62,0.0008670461072588279
20,56,0.0008386163519630131
0,8,0.0008386163519630131
2,27,0.0008386163519630131
6,22,0.0008386163519630131
23,40,0.0008386163519630131
7,91,0.0008386163519630131
1,108,0.0008386163519630131
1,137,0.0008386163519630131
19,5,0.0008386163519630131
6,38,0.0008386163519630131
6,116,0.0008386163519630131
7,36,0.0008386163519630131
1,155,0.0008386163519630131
1,69,0.0008386163519630131
0,126,0.0008386163519630131
2,11,0.0008386163519630131
19,19,0.0008098615619944543
31,11,0.0008098615619944543
1,79,0.0008098615619944543
31,82,0.0008098615619944543
7,34,0.0008098615619944543
20,22,0.0008098615619944543
17,0,0.0008098615619944543
6,140,0.0008098615619944543
1,66,0.0008098615619944543
0,96,0.0008098615619944543
23,155,0.0008098615619944543
3,21,0.0008098615619944543
20,133,0.0008098615619944543
6,125,0.0008098615619944543
1,87,0.0008098615619944543
2,7,0.0008098615619944543
19,62,0.0008098615619944543
3,84,0.0008098615619944543
0,79,0.0008098615619944543
19,44,0.0008098615619944543
1,60,0.0008098615619944543
1,121,0.0008098615619944543
20,147,0.0008098615619944543
6,19,0.0008098615619944543
20,44,0.0007807622599412553
19,83,0.0007807622599412553
20,116,0.0007807622599412553
3,18,0.0007807622599412553
20,137,0.0007807622599412553
20,148,0.0007807622599412553
20,59,0.0007807622599412553
23,13,0.0007807622599412553
0,55,0.0007807622599412553
23,124,0.0007807622599412553
6,124,0.0007807622599412553
6,16,0.0007807622599412553
1,91,0.0007807622599412553
1,96,0.0007807622599412553
0,117,0.0007807622599412553
19,17,0.0007807622599412553
0,102,0.0007807622599412553
0,76,0.0007807622599412553
6,77,0.0007807622599412553
1,43,0.0007807622599412553
7,94,0.0007807622599412553
6,43,0.0007807622599412553
23,24,0.0007807622599412553
2,39,0.0007807622599412553
6,53,0.0007807622599412553
0,9,0.0007512967608887549
20,9,0.0007512967608887549
20,12,0.0007512967608887549
20,108,0.0007512967608887549
0,153,0.0007512967608887549
0,129,0.0007512967608887549
11,146,0.0007512967608887549
20,15,0.0007512967608887549
20,35,0.0007512967608887549
3,35,0.0007512967608887549
17,33,0.0007512967608887549
0,109,0.0007512967608887549
0,105,0.0007512967608887549
17,62,0.0007512967608887549
7,44,0.0007512967608887549
1,57,0.0007512967608887549
7,79,0.0007512967608887549
3,24,0.0007512967608887549
0,90,0.0007512967608887549
19,31,0.0007512967608887549
1,110,0.0007512967608887549
6,34,0.0007512967608887549
6,135,0.0007512967608887549
2,4,0.0007512967608887549
19,33,0.0007512967608887549
19,155,0.0007512967608887549
1,141,0.0007512967608887549
1,85,0.0007512967608887549
6,122,0.0007214407917074924
19,39,0.0007214407917074924
20,159,0.0007214407917074924
0,65,0.0007214407917074924
0,67,0.0007214407917074924
6,84,0.0007214407917074924
19,3,0.0007214407917074924
1,117,0.0007214407917074924
6,97,0.0007214407917074924
1,70,0.0007214407917074924
0,95,0.0007214407917074924
0,97,0.0007214407917074924
19,98,0.0007214407917074924
17,63,0.0007214407917074924
2,117,0.0007214407917074924
19,25,0.0007214407917074924
31,112,0.0007214407917074924
19,120,0.0007214407917074924
17,32,0.0007214407917074924
2,12,0.0007214407917074924
6,149,0.0007214407917074924
19,47,0.0007214407917074924
20,13,0.0007214407917074924
6,138,0.0007214407917074924
19,90,0.0006911670196267915
17,123,0.0006911670196267915
7,117,0.0006911670196267915
19,61,0.0006911670196267915
6,99,0.0006911670196267915
7,88,0.0006911670196267915
3,83,0.0006911670196267915
19,12,0.0006911670196267915
20,29,0.0006911670196267915
20,23,0.0006911670196267915
19,110,0.0006911670196267915
6,112,0.0006911670196267915
19,137,0.0006911670196267915
7,5,0.0006911670196267915
19,147,0.0006911670196267915
6,156,0.0006911670196267915
19,22,0.0006911670196267915
20,21,0.0006911670196267915
0,111,0.0006911670196267915
0,132,0.0006911670196267915
1,78,0.0006911670196267915
1,135,0.0006911670196267915
1,136,0.0006911670196267915
2,152,0.0006911670196267915
20,113,0.0006911670196267915
23,10,0.0006911670196267915
2,31,0.0006911670196267915
0,41,0.0006911670196267915
0,113,0.0006911670196267915
1,122,0.0006911670196267915
20,69,0.0006911670196267915
3,30,0.0006911670196267915
0,46,0.0006911670196267915
1,159,0.0006911670196267915
23,20,0.0006911670196267915
20,154,0.0006911670196267915
1,160,0.0006911670196267915
23,34,0.0006911670196267915
1,109,0.0006911670196267915
0,19,0.0006911670196267915
0,85,0.0006604444617926362
23,79,0.0006604444617926362
19,85,0.0006604444617926362
2,13,0.0006604444617926362
23,52,0.0006604444617926362
7,105,0.0006604444617926362
2,15,0.0006604444617926362
19,29,0.0006604444617926362
1,157,0.0006604444617926362
1,65,0.0006604444617926362
19,162,0.0006604444617926362
7,160,0.0006604444617926362
7,57,0.0006604444617926362
7,60,0.0006604444617926362
0,89,0.0006604444617926362
0,127,0.0006604444617926362
6,146,0.0006604444617926362
23,80,0.0006604444617926362
20,110,0.0006604444617926362
17,7,0.0006604444617926362
6,85,0.0006604444617926362
1,118,0.0006604444617926362
6,121,0.0006604444617926362
6,123,0.0006604444617926362
31,137,0.0006604444617926362
20,82,0.0006604444617926362
20,41,0.0006604444617926362
17,4,0.0006604444617926362
11,19,0.0006604444617926362
2,28,0.0006604444617926362
0,108,0.0006604444617926362
11,4,0.0006604444617926362
1,103,0.000629237736326602
0,158,0.000629237736326602
0,45,0.000629237736326602
20,42,0.000629237736326602
2,62,0.000629237736326602
23,11,0.000629237736326602
23,15,0.000629237736326602
3,55,0.000629237736326602
18,69,0.000629237736326602
23,104,0.000629237736326602
3,8,0.000629237736326602
7,72,0.000629237736326602
19,118,0.000629237736326602
20,156,0.000629237736326602
0,47,0.000629237736326602
23,109,0.000629237736326602
2,37,0.000629237736326602
1,48,0.000629237736326602
17,89,0.000629237736326602
17,57,0.000629237736326602
6,79,0.000629237736326602
17,11,0.000629237736326602
6,76,0.000629237736326602
3,2,0.000629237736326602
3,92,0.000629237736326602
0,94,0.000629237736326602
23,4,0.000629237736326602
20,120,0.000629237736326602
19,10,0.000629237736326602
20,149,0.000629237736326602
23,97,0.000629237736326602
20,39,0.000629237736326602
20,75,0.000629237736326602
7,56,0.000629237736326602
20,3,0.000629237736326602
2,33,0.0005975060987463491
0,64,0.0005975060987463491
23,42,0.0005975060987463491
23,58,0.0005975060987463491
0,145,0.0005975060987463491
6,107,0.0005975060987463491
6,42,0.0005975060987463491
31,33,0.0005975060987463491
19,63,0.0005975060987463491
19,57,0.0005975060987463491
20,160,0.0005975060987463491
19,48,0.0005975060987463491
0,58,0.0005975060987463491
6,145,0.0005975060987463491
18,9,0.0005975060987463491
20,134,0.0005975060987463491
13,22,0.0005975060987463491
0,31,0.0005975060987463491
6,90,0.0005975060987463491
6,127,0.0005975060987463491
11,118,0.0005975060987463491
1,140,0.0005975060987463491
3,32,0.0005975060987463491
20,153,0.0005975060987463491
2,139,0.0005975060987463491
1,90,0.0005975060987463491
1,147,0.0005975060987463491
20,132,0.0005975060987463491
18,8,0.0005975060987463491
0,24,0.0005975060987463491
1,93,0.0005975060987463491
2,0,0.0005975060987463491
2,6,0.0005975060987463491
7,96,0.0005975060987463491
6,158,0.0005975060987463491
11,6,0.0005975060987463491
18,85,0.0005975060987463491
7,114,0.0005975060987463491
19,117,0.0005975060987463491
0,2,0.0005975060987463491
6,52,0.0005975060987463491
2,122,0.0005975060987463491
18,12,0.0005975060987463491
19,129,0.0005975060987463491
23,123,0.0005975060987463491
1,128,0.0005652021822045447
19,32,0.0005652021822045447
2,32,0.0005652021822045447
6,160,0.0005652021822045447
1,82,0.0005652021822045447
1,81,0.0005652021822045447
19,38,0.0005652021822045447
31,15,0.0005652021822045447
23,131,0.0005652021822045447
1,142,0.0005652021822045447
6,134,0.0005652021822045447
6,143,0.0005652021822045447
1,158,0.0005652021822045447
0,148,0.0005652021822045447
23,141,0.0005652021822045447
7,18,0.0005652021822045447
6,105,0.0005652021822045447
11,10,0.0005652021822045447
0,87,0.0005652021822045447
18,10,0.0005652021822045447
18,25,0.0005652021822045447
3,143,0.0005652021822045447
0,36,0.0005652021822045447
7,118,0.0005652021822045447
19,103,0.0005652021822045447
0,50,0.0005652021822045447
19,94,0.0005652021822045447
20,109,0.0005652021822045447
0,70,0.0005652021822045447
19,78,0.0005652021822045447
7,78,0.0005652021822045447
19,76,0.0005652021822045447
4,11,0.0005652021822045447
11,31,0.0005652021822045447
0,20,0.0005652021822045447
11,61,0.0005652021822045447
2,54,0.0005652021822045447
11,139,0.0005652021822045447
7,40,0.0005652021822045447
2,66,0.0005652021822045447
2,63,0.0005652021822045447
3,66,0.0005652021822045447
14,45,0.0005322703202113117
3,57,0.0005322703202113117
23,132,0.0005322703202113117
17,80,0.0005322703202113117
17,68,0.0005322703202113117
6,98,0.0005322703202113117
17,27,0.0005322703202113117
6,93,0.0005322703202113117
13,19,0.0005322703202113117
1,123,0.0005322703202113117
3,3,0.0005322703202113117
17,22,0.0005322703202113117
20,19,0.0005322703202113117
23,22,0.0005322703202113117
17,9,0.0005322703202113117
17,3,0.0005322703202113117
3,17,0.0005322703202113117
2,49,0.0005322703202113117
23,61,0.0005322703202113117
23,134,0.0005322703202113117
7,27,0.0005322703202113117
19,64,0.0005322703202113117
2,17,0.0005322703202113117
0,100,0.0005322703202113117
2,57,0.0005322703202113117
2,86,0.0005322703202113117
18,39,0.0005322703202113117
0,88,0.0005322703202113117
23,27,0.0005322703202113117
1,162,0.0005322703202113117
23,138,0.0005322703202113117
19,136,0.0005322703202113117
11,49,0.0004986442662560207
7,37,0.0004986442662560207
11,76,0.0004986442662560207
31,100,0.0004986442662560207
7,28,0.0004986442662560207
0,92,0.0004986442662560207
11,126,0.0004986442662560207
11,20,0.0004986442662560207
7,23,0.0004986442662560207
13,7,0.0004986442662560207
10,58,0.0004986442662560207
7,61,0.0004986442662560207
0,86,0.0004986442662560207
14,66,0.0004986442662560207
7,149,0.0004986442662560207
7,127,0.0004986442662560207
0,40,0.0004986442662560207
17,55,0.0004986442662560207
17,44,0.0004986442662560207
6,132,0.0004986442662560207
7,102,0.0004986442662560207
17,24,0.0004986442662560207
18,148,0.0004986442662560207
6,161,0.0004986442662560207
7,76,0.0004986442662560207
17,17,0.0004986442662560207
7,65,0.0004986442662560207
7,133,0.0004986442662560207
14,95,0.0004986442662560207
0,82,0.0004986442662560207
11,8,0.0004986442662560207
19,71,0.0004986442662560207
3,31,0.0004986442662560207
6,68,0.0004986442662560207
2,18,0.0004986442662560207
23,21,0.0004986442662560207
3,152,0.0004986442662560207
23,33,0.0004986442662560207
2,26,0.0004986442662560207
2,132,0.0004986442662560207
1,156,0.0004986442662560207
2,20,0.0004986442662560207
2,134,0.0004986442662560207
23,56,0.0004986442662560207
19,41,0.0004986442662560207
20,105,0.0004986442662560207
6,48,0.0004986442662560207
20,104,0.0004986442662560207
20,86,0.0004986442662560207
3,13,0.0004986442662560207
23,72,0.0004986442662560207
3,29,0.0004986442662560207
23,94,0.0004986442662560207
20,61,0.0004986442662560207
19,100,0.0004986442662560207
19,52,0.0004986442662560207
2,127,0.0004986442662560207
23,103,0.0004986442662560207
23,96,0.0004986442662560207
2,116,0.0004986442662560207
6,83,0.0004986442662560207
19,79,0.0004986442662560207
1,133,0.0004986442662560207
17,10,0.0004642440173238725
0,80,0.0004642440173238725
17,47,0.0004642440173238725
17,13,0.0004642440173238725
0,63,0.0004642440173238725
19,86,0.0004642440173238725
3,9,0.0004642440173238725
0,34,0.0004642440173238725
3,125,0.0004642440173238725
19,77,0.0004642440173238725
19,128,0.0004642440173238725
3,142,0.0004642440173238725
7,101,0.0004642440173238725
7,21,0.0004642440173238725
23,38,0.0004642440173238725
19,45,0.0004642440173238725
19,145,0.0004642440173238725
4,40,0.0004642440173238725
0,107,0.0004642440173238725
7,35,0.0004642440173238725
7,139,0.0004642440173238725
19,13,0.0004642440173238725
2,65,0.0004642440173238725
29,8,0.0004642440173238725
19,112,0.0004642440173238725
20,90,0.0004642440173238725
3,23,0.0004642440173238725
20,62,0.0004642440173238725
11,11,0.0004642440173238725
1,112,0.0004642440173238725
20,66,0.0004642440173238725
20,55,0.0004642440173238725
23,84,0.0004642440173238725
11,55,0.0004642440173238725
20,53,0.0004642440173238725
0,147,0.0004642440173238725
3,68,0.0004642440173238725
6,137,0.0004642440173238725
1,61,0.0004642440173238725
13,0,0.0004642440173238725
1,150,0.0004642440173238725
0,140,0.0004642440173238725
14,54,0.0004642440173238725
23,63,0.0004642440173238725
2,5,0.0004642440173238725
0,157,0.0004642440173238725
6,155,0.0004642440173238725
14,20,0.0004642440173238725
2,3,0.0004642440173238725
6,157,0.0004642440173238725
6,154,0.0004642440173238725
20,84,0.00042897126127587306
18,54,0.00042897126127587306
1,105,0.00042897126127587306
19,108,0.00042897126127587306
11,37,0.00042897126127587306
0,48,0.00042897126127587306
20,141,0.00042897126127587306
13,91,0.00042897126127587306
11,28,0.00042897126127587306
20,60,0.00042897126127587306
3,46,0.00042897126127587306
7,87,0.00042897126127587306
11,17,0.00042897126127587306
19,82,0.00042897126127587306
0,66,0.00042897126127587306
7,74,0.00042897126127587306
0,30,0.00042897126127587306
19,87,0.00042897126127587306
7,122,0.00042897126127587306
7,120,0.00042897126127587306
17,94,0.00042897126127587306
17,96,0.00042897126127587306
0,43,0.00042897126127587306
14,1,0.00042897126127587306
13,11,0.00042897126127587306
3,150,0.00042897126127587306
18,0,0.00042897126127587306
12,82,0.00042897126127587306
14,36,0.00042897126127587306
4,4,0.00042897126127587306
3,19,0.00042897126127587306
18,11,0.00042897126127587306
11,101,0.00042897126127587306
19,139,0.00042897126127587306
20,52,0.00042897126127587306
19,124,0.00042897126127587306
18,20,0.00042897126127587306
18,21,0.00042897126127587306
11,105,0.00042897126127587306
3,40,0.00042897126127587306
31,1,0.00042897126127587306
6,153,0.00042897126127587306
6,128,0.00042897126127587306
6,75,0.00042897126127587306
0,84,0.00042897126127587306
29,67,0.00042897126127587306
1,138,0.00042897126127587306
2,44,0.00042897126127587306
29,40,0.00042897126127587306
1,145,0.00042897126127587306
1,146,0.00042897126127587306
29,36,0.00042897126127587306
29,19,0.00042897126127587306
2,46,0.00042897126127587306
2,52,0.00042897126127587306
23,64,0.00042897126127587306
29,13,0.00042897126127587306
7,43,0.00042897126127587306
23,0,0.00042897126127587306
2,16,0.00042897126127587306
2,9,0.00042897126127587306
6,82,0.00042897126127587306
6,159,0.00042897126127587306
22,1,0.00042897126127587306
0,83,0.00042897126127587306
6,110,0.00042897126127587306
31,32,0.00042897126127587306
7,59,0.00042897126127587306
23,47,0.00042897126127587306
29,160,0.00042897126127587306
6,102,0.00042897126127587306
20,91,0.0003927026265139729
17,58,0.0003927026265139729
17,56,0.0003927026265139729
6,40,0.0003927026265139729
20,115,0.0003927026265139729
17,54,0.0003927026265139729
17,6,0.0003927026265139729
17,20,0.0003927026265139729
17,50,0.0003927026265139729
17,21,0.0003927026265139729
19,69,0.0003927026265139729
17,34,0.0003927026265139729
17,31,0.0003927026265139729
20,10,0.0003927026265139729
17,26,0.0003927026265139729
20,111,0.0003927026265139729
20,106,0.0003927026265139729
29,116,0.0003927026265139729
23,133,0.0003927026265139729
23,60,0.0003927026265139729
3,48,0.0003927026265139729
10,102,0.0003927026265139729
20,58,0.0003927026265139729
10,107,0.0003927026265139729
11,34,0.0003927026265139729
1,114,0.0003927026265139729
6,117,0.0003927026265139729
19,37,0.0003927026265139729
0,162,0.0003927026265139729
6,114,0.0003927026265139729
11,13,0.0003927026265139729
11,2,0.0003927026265139729
1,104,0.0003927026265139729
11,5,0.0003927026265139729
20,64,0.0003927026265139729
1,89,0.0003927026265139729
11,46,0.0003927026265139729
20,67,0.0003927026265139729
23,111,0.0003927026265139729
11,70,0.0003927026265139729
11,80,0.0003927026265139729
6,131,0.0003927026265139729
10,35,0.0003927026265139729
19,28,0.0003927026265139729
10,30,0.0003927026265139729
11,161,0.0003927026265139729
1,148,0.0003927026265139729
6,141,0.0003927026265139729
2,133,0.0003927026265139729
13,29,0.0003927026265139729
3,41,0.0003927026265139729
10,1,0.0003927026265139729
0,124,0.0003927026265139729
7,71,0.0003927026265139729
19,35,0.0003927026265139729
17,160,0.0003927026265139729
17,161,0.0003927026265139729
18,4,0.0003927026265139729
19,150,0.0003927026265139729
18,96,0.0003927026265139729
22,8,0.0003927026265139729
19,104,0.0003927026265139729
7,141,0.0003927026265139729
19,9,0.0003927026265139729
19,144,0.0003927026265139729
0,103,0.0003927026265139729
2,55,0.0003927026265139729
7,39,0.0003927026265139729
4,25,0.0003927026265139729
18,91,0.0003927026265139729
23,2,0.0003927026265139729
19,51,0.0003927026265139729
18,56,0.0003927026265139729
18,38,0.0003927026265139729
18,50,0.0003927026265139729
4,54,0.0003927026265139729
22,100,0.0003927026265139729
7,121,0.0003927026265139729
19,115,0.0003927026265139729
7,157,0.0003927026265139729
22,68,0.0003927026265139729
2,35,0.0003927026265139729
2,91,0.0003927026265139729
17,88,0.0003927026265139729
7,86,0.0003927026265139729
0,122,0.0003927026265139729
2,29,0.0003927026265139729
17,113,0.0003927026265139729
17,86,0.0003927026265139729
17,121,0.0003927026265139729
17,143,0.0003927026265139729
17,149,0.0003927026265139729
17,156,0.0003927026265139729
32,25,0.0003552792519433384
32,55,0.0003552792519433384
32,30,0.0003552792519433384
32,60,0.0003552792519433384
32,51,0.0003552792519433384
11,131,0.0003552792519433384
22,16,0.0003552792519433384
19,50,0.0003552792519433384
11,84,0.0003552792519433384
32,24,0.0003552792519433384
20,140,0.0003552792519433384
23,110,0.0003552792519433384
19,65,0.0003552792519433384
11,14,0.0003552792519433384
32,23,0.0003552792519433384
32,74,0.0003552792519433384
32,72,0.0003552792519433384
22,2,0.0003552792519433384
11,58,0.0003552792519433384
18,108,0.0003552792519433384
18,118,0.0003552792519433384
19,58,0.0003552792519433384
20,78,0.0003552792519433384
18,121,0.0003552792519433384
32,80,0.0003552792519433384
17,64,0.0003552792519433384
32,141,0.0003552792519433384
17,36,0.0003552792519433384
17,8,0.0003552792519433384
17,15,0.0003552792519433384
32,111,0.0003552792519433384
17,29,0.0003552792519433384
17,92,0.0003552792519433384
19,152,0.0003552792519433384
32,131,0.0003552792519433384
17,38,0.0003552792519433384
32,20,0.0003552792519433384
20,112,0.0003552792519433384
17,49,0.0003552792519433384
17,52,0.0003552792519433384
17,79,0.0003552792519433384
17,71,0.0003552792519433384
17,67,0.0003552792519433384
20,122,0.0003552792519433384
18,6,0.0003552792519433384
20,25,0.0003552792519433384
23,157,0.0003552792519433384
32,4,0.0003552792519433384
12,10,0.0003552792519433384
13,1,0.0003552792519433384
20,79,0.0003552792519433384
13,13,0.0003552792519433384
13,17,0.0003552792519433384
20,80,0.0003552792519433384
32,18,0.0003552792519433384
17,66,0.0003552792519433384
13,51,0.0003552792519433384
19,26,0.0003552792519433384
14,61,0.0003552792519433384
32,10,0.0003552792519433384
14,104,0.0003552792519433384
32,138,0.0003552792519433384
23,152,0.0003552792519433384
32,12,0.0003552792519433384
32,159,0.0003552792519433384
11,9,0.0003552792519433384
0,110,0.0003552792519433384
2,42,0.0003552792519433384
0,115,0.0003552792519433384
2,43,0.0003552792519433384
1,111,0.0003552792519433384
6,78,0.0003552792519433384
10,31,0.0003552792519433384
10,26,0.0003552792519433384
10,5,0.0003552792519433384
6,144,0.0003552792519433384
7,46,0.0003552792519433384
2,79,0.0003552792519433384
1,74,0.0003552792519433384
3,20,0.0003552792519433384
7,98,0.0003552792519433384
0,133,0.0003552792519433384
3,4,0.0003552792519433384
0,141,0.0003552792519433384
7,119,0.0003552792519433384
2,158,0.0003552792519433384
0,143,0.0003552792519433384
2,119,0.0003552792519433384
3,72,0.0003552792519433384
1,86,0.0003552792519433384
0,74,0.0003552792519433384
3,104,0.0003552792519433384
3,153,0.0003552792519433384
3,111,0.0003552792519433384
1,134,0.0003552792519433384
0,57,0.0003552792519433384
4,15,0.00031648982595003426
13,4,0.00031648982595003426
13,3,0.00031648982595003426
13,2,0.00031648982595003426
3,128,0.00031648982595003426
10,22,0.00031648982595003426
13,147,0.00031648982595003426
1,28,0.00031648982595003426
29,75,0.00031648982595003426
29,18,0.00031648982595003426
18,61,0.00031648982595003426
1,131,0.00031648982595003426
3,6,0.00031648982595003426
22,26,0.00031648982595003426
20,99,0.00031648982595003426
7,100,0.00031648982595003426
14,2,0.00031648982595003426
23,128,0.00031648982595003426
20,89,0.00031648982595003426
17,25,0.00031648982595003426
17,39,0.00031648982595003426
0,142,0.00031648982595003426
17,40,0.00031648982595003426
2,143,0.00031648982595003426
2,108,0.00031648982595003426
8,16,0.00031648982595003426
17,95,0.00031648982595003426
13,35,0.00031648982595003426
13,34,0.00031648982595003426
17,117,0.00031648982595003426
20,136,0.00031648982595003426
13,30,0.00031648982595003426
2,130,0.00031648982595003426
17,77,0.00031648982595003426
17,75,0.00031648982595003426
7,67,0.00031648982595003426
17,69,0.00031648982595003426
22,0,0.00031648982595003426
2,149,0.00031648982595003426
22,13,0.00031648982595003426
29,1,0.00031648982595003426
7,126,0.00031648982595003426
10,12,0.00031648982595003426
19,156,0.00031648982595003426
18,29,0.00031648982595003426
2,161,0.00031648982595003426
9,29,0.00031648982595003426
13,44,0.00031648982595003426
23,88,0.00031648982595003426
6,118,0.00031648982595003426
11,122,0.00031648982595003426
1,98,0.00031648982595003426
19,49,0.00031648982595003426
7,55,0.00031648982595003426
3,45,0.00031648982595003426
11,100,0.00031648982595003426
11,97,0.00031648982595003426
11,92,0.00031648982595003426
19,70,0.00031648982595003426
20,48,0.00031648982595003426
19,75,0.00031648982595003426
14,44,0.00031648982595003426
0,75,0.00031648982595003426
11,77,0.00031648982595003426
23,35,0.00031648982595003426
1,127,0.00031648982595003426
2,25,0.00031648982595003426
3,75,0.00031648982595003426
11,57,0.00031648982595003426
20,33,0.00031648982595003426
0,99,0.00031648982595003426
6,100,0.00031648982595003426
3,44,0.00031648982595003426
12,15,0.00031648982595003426
7,29,0.00031648982595003426
20,76,0.00031648982595003426
11,26,0.00031648982595003426
7,33,0.00031648982595003426
4,26,0.00031648982595003426
12,20,0.00031648982595003426
11,140,0.00031648982595003426
22,72,0.00031648982595003426
17,82,0.00031648982595003426
14,32,0.00031648982595003426
2,78,0.00031648982595003426
10,24,0.00031648982595003426
17,35,0.0002760411442494978
22,30,0.0002760411442494978
14,49,0.0002760411442494978
2,84,0.0002760411442494978
2,102,0.0002760411442494978
2,21,0.0002760411442494978
22,59,0.0002760411442494978
23,48,0.0002760411442494978
14,51,0.0002760411442494978
2,72,0.0002760411442494978
20,158,0.0002760411442494978
20,161,0.0002760411442494978
22,5,0.0002760411442494978
2,45,0.0002760411442494978
1,139,0.0002760411442494978
2,74,0.0002760411442494978
23,14,0.0002760411442494978
14,33,0.0002760411442494978
2,59,0.0002760411442494978
22,22,0.0002760411442494978
1,149,0.0002760411442494978
14,63,0.0002760411442494978
18,49,0.0002760411442494978
2,103,0.0002760411442494978
2,106,0.0002760411442494978
3,28,0.0002760411442494978
3,37,0.0002760411442494978
19,56,0.0002760411442494978
19,60,0.0002760411442494978
19,66,0.0002760411442494978
3,67,0.0002760411442494978
19,81,0.0002760411442494978
4,127,0.0002760411442494978
4,109,0.0002760411442494978
20,40,0.0002760411442494978
3,86,0.0002760411442494978
19,99,0.0002760411442494978
4,80,0.0002760411442494978
4,74,0.0002760411442494978
4,65,0.0002760411442494978
19,114,0.0002760411442494978
4,52,0.0002760411442494978
19,125,0.0002760411442494978
19,133,0.0002760411442494978
19,134,0.0002760411442494978
4,20,0.0002760411442494978
3,115,0.0002760411442494978
4,10,0.0002760411442494978
3,130,0.0002760411442494978
19,159,0.0002760411442494978
6,133,0.0002760411442494978
19,24,0.0002760411442494978
7,24,0.0002760411442494978
20,107,0.0002760411442494978
8,13,0.0002760411442494978
17,135,0.0002760411442494978
20,131,0.0002760411442494978
7,159,0.0002760411442494978
18,3,0.0002760411442494978
2,146,0.0002760411442494978
7,129,0.0002760411442494978
2,147,0.0002760411442494978
18,15,0.0002760411442494978
18,33,0.0002760411442494978
2,162,0.0002760411442494978
7,115,0.0002760411442494978
3,26,0.0002760411442494978
3,7,0.0002760411442494978
18,119,0.0002760411442494978
20,95,0.0002760411442494978
3,12,0.0002760411442494978
3,15,0.0002760411442494978
20,81,0.0002760411442494978
7,69,0.0002760411442494978
7,64,0.0002760411442494978
7,50,0.0002760411442494978
3,25,0.0002760411442494978
7,47,0.0002760411442494978
13,149,0.0002760411442494978
22,32,0.0002760411442494978
1,132,0.0002760411442494978
12,81,0.0002760411442494978
0,128,0.0002760411442494978
12,126,0.0002760411442494978
29,68,0.0002760411442494978
0,135,0.0002760411442494978
13,15,0.0002760411442494978
13,18,0.0002760411442494978
10,6,0.0002760411442494978
0,156,0.0002760411442494978
13,58,0.0002760411442494978
0,161,0.0002760411442494978
1,37,0.0002760411442494978
1,58,0.0002760411442494978
1,72,0.0002760411442494978
13,87,0.0002760411442494978
13,89,0.0002760411442494978
10,23,0.0002760411442494978
31,4,0.0002760411442494978
13,98,0.0002760411442494978
0,119,0.0002760411442494978
11,0,0.0002760411442494978
0,42,0.0002760411442494978
11,23,0.0002760411442494978
0,72,0.0002760411442494978
10,118,0.0002760411442494978
0,73,0.0002760411442494978
10,110,0.0002760411442494978
10,106,0.0002760411442494978
10,86,0.0002760411442494978
11,86,0.0002760411442494978
0,118,0.0002760411442494978
31,78,0.0002760411442494978
31,76,0.0002760411442494978
12,0,0.0002760411442494978
12,11,0.0002760411442494978
13,96,0.0002760411442494978
13,21,0.0002760411442494978
3,146,0.0002760411442494978
1,124,0.0002760411442494978
1,161,0.0002335023787653364
13,12,0.0002335023787653364
10,15,0.0002335023787653364
13,8,0.0002335023787653364
13,6,0.0002335023787653364
13,5,0.0002335023787653364
0,136,0.0002335023787653364
18,47,0.0002335023787653364
23,92,0.0002335023787653364
0,134,0.0002335023787653364
18,63,0.0002335023787653364
14,29,0.0002335023787653364
12,88,0.0002335023787653364
18,102,0.0002335023787653364
18,103,0.0002335023787653364
7,99,0.0002335023787653364
18,110,0.0002335023787653364
12,80,0.0002335023787653364
23,65,0.0002335023787653364
18,159,0.0002335023787653364
7,68,0.0002335023787653364
7,124,0.0002335023787653364
18,23,0.0002335023787653364
2,14,0.0002335023787653364
13,28,0.0002335023787653364
13,42,0.0002335023787653364
17,85,0.0002335023787653364
17,87,0.0002335023787653364
8,14,0.0002335023787653364
17,107,0.0002335023787653364
8,9,0.0002335023787653364
8,8,0.0002335023787653364
20,135,0.0002335023787653364
17,128,0.0002335023787653364
8,5,0.0002335023787653364
7,140,0.0002335023787653364
2,136,0.0002335023787653364
13,26,0.0002335023787653364
20,124,0.0002335023787653364
20,123,0.0002335023787653364
10,8,0.0002335023787653364
7,151,0.0002335023787653364
7,150,0.0002335023787653364
18,7,0.0002335023787653364
20,121,0.0002335023787653364
31,16,0.0002335023787653364
6,162,0.0002335023787653364
8,65,0.0002335023787653364
0,71,0.0002335023787653364
19,97,0.0002335023787653364
19,101,0.0002335023787653364
0,77,0.0002335023787653364
3,100,0.0002335023787653364
20,20,0.0002335023787653364
10,111,0.0002335023787653364
23,87,0.0002335023787653364
19,126,0.0002335023787653364
11,22,0.0002335023787653364
10,131,0.0002335023787653364
6,151,0.0002335023787653364
19,140,0.0002335023787653364
3,123,0.0002335023787653364
3,124,0.0002335023787653364
19,143,0.0002335023787653364
0,60,0.0002335023787653364
19,149,0.0002335023787653364
3,147,0.0002335023787653364
11,12,0.0002335023787653364
3,134,0.0002335023787653364
19,95,0.0002335023787653364
4,85,0.0002335023787653364
19,91,0.0002335023787653364
10,77,0.0002335023787653364
20,77,0.0002335023787653364
6,129,0.0002335023787653364
31,44,0.0002335023787653364
10,28,0.0002335023787653364
10,34,0.0002335023787653364
6,81,0.0002335023787653364
11,119,0.0002335023787653364
3,38,0.0002335023787653364
3,39,0.0002335023787653364
31,75,0.0002335023787653364
19,55,0.0002335023787653364
3,49,0.0002335023787653364
20,57,0.0002335023787653364
19,68,0.0002335023787653364
19,73,0.0002335023787653364
11,85,0.0002335023787653364
31,123,0.0002335023787653364
31,147,0.0002335023787653364
11,60,0.0002335023787653364
17,74,0.0002335023787653364
23,43,0.0002335023787653364
16,8,0.0002335023787653364
23,28,0.0002335023787653364
9,76,0.0002335023787653364
16,27,0.0002335023787653364
22,18,0.0002335023787653364
17,16,0.0002335023787653364
22,71,0.0002335023787653364
16,23,0.0002335023787653364
22,7,0.0002335023787653364
17,14,0.0002335023787653364
13,82,0.0002335023787653364
22,20,0.0002335023787653364
17,41,0.0002335023787653364
2,19,0.0002335023787653364
16,61,0.0002335023787653364
22,142,0.0002335023787653364
16,31,0.0002335023787653364
2,36,0.0002335023787653364
22,12,0.0002335023787653364
22,98,0.0002335023787653364
2,30,0.0002335023787653364
2,71,0.0002335023787653364
22,117,0.0002335023787653364
13,78,0.0002335023787653364
22,54,0.0002335023787653364
8,72,0.0002335023787653364
17,12,0.0002335023787653364
17,51,0.0002335023787653364
22,25,0.0002335023787653364
22,140,0.0002335023787653364
6,28,0.00018818597642287677
3,33,0.00018818597642287677
6,37,0.00018818597642287677
5,158,0.00018818597642287677
12,38,0.00018818597642287677
20,72,0.00018818597642287677
3,34,0.00018818597642287677
16,152,0.00018818597642287677
23,122,0.00018818597642287677
16,150,0.00018818597642287677
20,65,0.00018818597642287677
16,121,0.00018818597642287677
5,45,0.00018818597642287677
14,74,0.00018818597642287677
23,66,0.00018818597642287677
13,92,0.00018818597642287677
3,50,0.00018818597642287677
11,125,0.00018818597642287677
6,136,0.00018818597642287677
6,104,0.00018818597642287677
6,108,0.00018818597642287677
0,123,0.00018818597642287677
7,66,0.00018818597642287677
7,62,0.00018818597642287677
12,43,0.00018818597642287677
0,121,0.00018818597642287677
12,30,0.00018818597642287677
1,129,0.00018818597642287677
7,41,0.00018818597642287677
12,22,0.00018818597642287677
12,13,0.00018818597642287677
22,125,0.00018818597642287677
7,16,0.00018818597642287677
6,152,0.00018818597642287677
22,130,0.00018818597642287677
10,25,0.00018818597642287677
6,147,0.00018818597642287677
11,154,0.00018818597642287677
5,22,0.00018818597642287677
6,126,0.00018818597642287677
9,91,0.00018818597642287677
11,129,0.00018818597642287677
23,9,0.00018818597642287677
2,60,0.00018818597642287677
3,54,0.00018818597642287677
23,82,0.00018818597642287677
4,62,0.00018818597642287677
3,98,0.00018818597642287677
16,28,0.00018818597642287677
14,10,0.00018818597642287677
14,3,0.00018818597642287677
19,122,0.00018818597642287677
19,123,0.00018818597642287677
1,120,0.00018818597642287677
10,4,0.00018818597642287677
19,130,0.00018818597642287677
14,0,0.00018818597642287677
19,135,0.00018818597642287677
11,42,0.00018818597642287677
15,40,0.00018818597642287677
15,12,0.00018818597642287677
15,4,0.00018818597642287677
14,112,0.00018818597642287677
4,0,0.00018818597642287677
13,160,0.00018818597642287677
3,129,0.00018818597642287677
0,27,0.00018818597642287677
23,77,0.00018818597642287677
14,87,0.00018818597642287677
3,135,0.00018818597642287677
3,96,0.00018818597642287677
19,107,0.00018818597642287677
3,56,0.00018818597642287677
3,74,0.00018818597642287677
11,99,0.00018818597642287677
11,3,0.00018818597642287677
23,68,0.00018818597642287677
23,70,0.00018818597642287677
2,61,0.00018818597642287677
12,54,0.00018818597642287677
10,51,0.00018818597642287677
4,162,0.00018818597642287677
4,158,0.00018818597642287677
4,153,0.00018818597642287677
0,116,0.00018818597642287677
2,23,0.00018818597642287677
0,81,0.00018818597642287677
1,102,0.00018818597642287677
2,58,0.00018818597642287677
19,89,0.00018818597642287677
23,19,0.00018818597642287677
23,71,0.00018818597642287677
2,53,0.00018818597642287677
23,45,0.00018818597642287677
16,37,0.00018818597642287677
11,45,0.00018818597642287677
4,79,0.00018818597642287677
3,89,0.00018818597642287677
1,83,0.00018818597642287677
18,41,0.00018818597642287677
0,125,0.00018818597642287677
3,137,0.00018818597642287677
10,7,0.00018818597642287677
17,48,0.00018818597642287677
17,139,0.00018818597642287677
2,87,0.00018818597642287677
26,74,0.00018818597642287677
22,17,0.00018818597642287677
20,127,0.00018818597642287677
8,0,0.00018818597642287677
13,23,0.00018818597642287677
7,83,0.00018818597642287677
0,159,0.00018818597642287677
13,112,0.00018818597642287677
14,64,0.00018818597642287677
23,95,0.00018818597642287677
13,139,0.00018818597642287677
26,88,0.00018818597642287677
10,10,0.00018818597642287677
9,0,0.00018818597642287677
13,117,0.00018818597642287677
7,125,0.00018818597642287677
22,27,0.00018818597642287677
17,131,0.00018818597642287677
2,128,0.00018818597642287677
23,150,0.00018818597642287677
26,25,0.00018818597642287677
23,160,0.00018818597642287677
17,76,0.00018818597642287677
23,57,0.00018818597642287677
26,12,0.00018818597642287677
2,101,0.00018818597642287677
26,20,0.00018818597642287677
22,3,0.00018818597642287677
13,41,0.00018818597642287677
13,40,0.00018818597642287677
26,44,0.00018818597642287677
26,54,0.00018818597642287677
13,37,0.00018818597642287677
17,97,0.00018818597642287677
17,99,0.00018818597642287677
17,103,0.00018818597642287677
2,90,0.00018818597642287677
17,110,0.00018818597642287677
13,33,0.00018818597642287677
8,105,0.00018818597642287677
17,114,0.00018818597642287677
22,31,0.00018818597642287677
23,54,0.00018818597642287677
2,85,0.00018818597642287677
20,100,0.00018818597642287677
18,51,0.00018818597642287677
7,113,0.00018818597642287677
13,120,0.00018818597642287677
23,126,0.00018818597642287677
12,107,0.00018818597642287677
18,72,0.00018818597642287677
29,158,0.00018818597642287677
18,87,0.00018818597642287677
3,11,0.00018818597642287677
17,23,0.00018818597642287677
20,93,0.00018818597642287677
18,126,0.00018818597642287677
13,121,0.00018818597642287677
18,94,0.00018818597642287677
13,10,0.00018818597642287677
20,98,0.00018818597642287677
1,151,0.00018818597642287677
1,154,0.00018818597642287677
22,86,0.00018818597642287677
18,111,0.00018818597642287677
12,63,0.00018818597642287677
13,103,0.00018818597642287677
18,46,0.00018818597642287677
22,43,0.00018818597642287677
13,71,0.00018818597642287677
22,44,0.00018818597642287677
18,35,0.00018818597642287677
7,123,0.00018818597642287677
3,126,0.00013884134509889914
21,10,0.00013884134509889914
2,92,0.00013884134509889914
3,132,0.00013884134509889914
21,12,0.00013884134509889914
20,96,0.00013884134509889914
3,114,0.00013884134509889914
26,47,0.00013884134509889914
23,89,0.00013884134509889914
3,110,0.00013884134509889914
3,108,0.00013884134509889914
21,22,0.00013884134509889914
21,6,0.00013884134509889914
20,162,0.00013884134509889914
22,6,0.00013884134509889914
21,4,0.00013884134509889914
21,85,0.00013884134509889914
31,2,0.00013884134509889914
26,17,0.00013884134509889914
20,88,0.00013884134509889914
3,14,0.00013884134509889914
2,41,0.00013884134509889914
23,37,0.00013884134509889914
1,113,0.00013884134509889914
0,54,0.00013884134509889914
26,1,0.00013884134509889914
23,98,0.00013884134509889914
2,38,0.00013884134509889914
2,76,0.00013884134509889914
2,109,0.00013884134509889914
2,131,0.00013884134509889914
22,143,0.00013884134509889914
22,56,0.00013884134509889914
20,47,0.00013884134509889914
3,63,0.00013884134509889914
2,145,0.00013884134509889914
3,62,0.00013884134509889914
3,36,0.00013884134509889914
26,91,0.00013884134509889914
3,51,0.00013884134509889914
2,153,0.00013884134509889914
31,81,0.00013884134509889914
22,41,0.00013884134509889914
1,143,0.00013884134509889914
31,68,0.00013884134509889914
2,22,0.00013884134509889914
0,114,0.00013884134509889914
3,76,0.00013884134509889914
20,144,0.00013884134509889914
31,43,0.00013884134509889914
3,99,0.00013884134509889914
20,143,0.00013884134509889914
3,27,0.00013884134509889914
2,112,0.00013884134509889914
2,118,0.00013884134509889914
22,129,0.00013884134509889914
31,0,0.00013884134509889914
2,121,0.00013884134509889914
0,93,0.00013884134509889914
3,88,0.00013884134509889914
2,126,0.00013884134509889914
26,60,0.00013884134509889914
0,106,0.00013884134509889914
20,103,0.00013884134509889914
3,81,0.00013884134509889914
23,159,0.00013884134509889914
5,7,0.00013884134509889914
11,36,0.00013884134509889914
16,161,0.00013884134509889914
8,73,0.00013884134509889914
17,53,0.00013884134509889914
8,122,0.00013884134509889914
17,42,0.00013884134509889914
17,37,0.00013884134509889914
9,4,0.00013884134509889914
9,6,0.00013884134509889914
17,28,0.00013884134509889914
9,11,0.00013884134509889914
9,20,0.00013884134509889914
9,21,0.00013884134509889914
9,22,0.00013884134509889914
9,32,0.00013884134509889914
9,35,0.00013884134509889914
9,39,0.00013884134509889914
9,40,0.00013884134509889914
9,41,0.00013884134509889914
9,57,0.00013884134509889914
9,63,0.00013884134509889914
9,65,0.00013884134509889914
9,69,0.00013884134509889914
9,72,0.00013884134509889914
9,98,0.00013884134509889914
17,59,0.00013884134509889914
17,61,0.00013884134509889914
13,52,0.00013884134509889914
17,108,0.00013884134509889914
12,138,0.00013884134509889914
10,18,0.00013884134509889914
17,145,0.00013884134509889914
13,9,0.00013884134509889914
17,133,0.00013884134509889914
13,14,0.00013884134509889914
17,127,0.00013884134509889914
13,16,0.00013884134509889914
17,120,0.00013884134509889914
17,109,0.00013884134509889914
17,105,0.00013884134509889914
8,68,0.00013884134509889914
17,104,0.00013884134509889914
13,20,0.00013884134509889914
13,27,0.00013884134509889914
13,31,0.00013884134509889914
17,81,0.00013884134509889914
13,32,0.00013884134509889914
13,38,0.00013884134509889914
17,78,0.00013884134509889914
13,39,0.00013884134509889914
13,46,0.00013884134509889914
9,104,0.00013884134509889914
16,127,0.00013884134509889914
7,153,0.00013884134509889914
16,109,0.00013884134509889914
10,0,0.00013884134509889914
14,15,0.00013884134509889914
13,157,0.00013884134509889914
13,151,0.00013884134509889914
13,54,0.00013884134509889914
13,135,0.00013884134509889914
13,55,0.00013884134509889914
13,56,0.00013884134509889914
13,59,0.00013884134509889914
13,118,0.00013884134509889914
13,113,0.00013884134509889914
13,110,0.00013884134509889914
13,62,0.00013884134509889914
13,102,0.00013884134509889914
13,63,0.00013884134509889914
13,101,0.00013884134509889914
13,64,0.00013884134509889914
13,66,0.00013884134509889914
13,97,0.00013884134509889914
13,95,0.00013884134509889914
13,86,0.00013884134509889914
13,68,0.00013884134509889914
13,79,0.00013884134509889914
14,25,0.00013884134509889914
14,26,0.00013884134509889914
14,40,0.00013884134509889914
14,122,0.00013884134509889914
16,101,0.00013884134509889914
16,94,0.00013884134509889914
16,74,0.00013884134509889914
16,72,0.00013884134509889914
16,58,0.00013884134509889914
16,51,0.00013884134509889914
16,46,0.00013884134509889914
16,45,0.00013884134509889914
19,161,0.00013884134509889914
14,125,0.00013884134509889914
9,113,0.00013884134509889914
14,43,0.00013884134509889914
9,127,0.00013884134509889914
14,88,0.00013884134509889914
14,85,0.00013884134509889914
14,84,0.00013884134509889914
14,75,0.00013884134509889914
14,65,0.00013884134509889914
9,131,0.00013884134509889914
14,57,0.00013884134509889914
9,133,0.00013884134509889914
14,52,0.00013884134509889914
12,136,0.00013884134509889914
17,65,0.00013884134509889914
18,1,0.00013884134509889914
10,37,0.00013884134509889914
4,108,0.00013884134509889914
19,84,0.00013884134509889914
4,120,0.00013884134509889914
5,0,0.00013884134509889914
10,55,0.00013884134509889914
11,71,0.00013884134509889914
11,78,0.00013884134509889914
11,91,0.00013884134509889914
10,40,0.00013884134509889914
11,117,0.00013884134509889914
11,141,0.00013884134509889914
7,84,0.00013884134509889914
12,33,0.00013884134509889914
12,45,0.00013884134509889914
12,127,0.00013884134509889914
12,56,0.00013884134509889914
12,65,0.00013884134509889914
6,67,0.00013884134509889914
6,120,0.00013884134509889914
6,148,0.00013884134509889914
7,7,0.00013884134509889914
7,48,0.00013884134509889914
4,106,0.00013884134509889914
19,88,0.00013884134509889914
4,99,0.00013884134509889914
11,41,0.00013884134509889914
19,160,0.00013884134509889914
19,158,0.00013884134509889914
19,148,0.00013884134509889914
4,1,0.00013884134509889914
19,141,0.00013884134509889914
11,16,0.00013884134509889914
4,21,0.00013884134509889914
10,147,0.00013884134509889914
11,18,0.00013884134509889914
4,34,0.00013884134509889914
4,38,0.00013884134509889914
10,128,0.00013884134509889914
10,119,0.00013884134509889914
4,49,0.00013884134509889914
11,30,0.00013884134509889914
4,58,0.00013884134509889914
19,111,0.00013884134509889914
10,90,0.00013884134509889914
11,38,0.00013884134509889914
4,78,0.00013884134509889914
4,84,0.00013884134509889914
7,82,0.00013884134509889914
13,83,0.00013884134509889914
18,120,0.00013884134509889914
7,116,0.00013884134509889914
18,18,0.00013884134509889914
18,14,0.00013884134509889914
18,30,0.00013884134509889914
18,149,0.00013884134509889914
18,36,0.00013884134509889914
7,89,0.00013884134509889914
7,107,0.00013884134509889914
18,136,0.00013884134509889914
7,92,0.00013884134509889914
18,78,0.00013884134509889914
0,91,8.255555772407952e-05
24,15,8.255555772407952e-05
30,11,8.255555772407952e-05
11,44,8.255555772407952e-05
24,11,8.255555772407952e-05
24,10,8.255555772407952e-05
24,14,8.255555772407952e-05
10,88,8.255555772407952e-05
13,36,8.255555772407952e-05
30,23,8.255555772407952e-05
30,10,8.255555772407952e-05
24,23,8.255555772407952e-05
30,25,8.255555772407952e-05
26,37,8.255555772407952e-05
10,81,8.255555772407952e-05
26,28,8.255555772407952e-05
10,79,8.255555772407952e-05
24,25,8.255555772407952e-05
24,29,8.255555772407952e-05
24,41,8.255555772407952e-05
24,44,8.255555772407952e-05
24,49,8.255555772407952e-05
24,50,8.255555772407952e-05
26,83,8.255555772407952e-05
25,103,8.255555772407952e-05
24,9,8.255555772407952e-05
30,0,8.255555772407952e-05
12,150,8.255555772407952e-05
12,153,8.255555772407952e-05
10,155,8.255555772407952e-05
0,28,8.255555772407952e-05
10,20,8.255555772407952e-05
29,93,8.255555772407952e-05
0,37,8.255555772407952e-05
12,122,8.255555772407952e-05
11,15,8.255555772407952e-05
12,104,8.255555772407952e-05
0,131,8.255555772407952e-05
13,61,8.255555772407952e-05
29,0,8.255555772407952e-05
24,2,8.255555772407952e-05
30,3,8.255555772407952e-05
26,134,8.255555772407952e-05
0,155,8.255555772407952e-05
0,146,8.255555772407952e-05
23,158,8.255555772407952e-05
30,9,8.255555772407952e-05
13,53,8.255555772407952e-05
32,37,8.255555772407952e-05
26,132,8.255555772407952e-05
32,28,8.255555772407952e-05
10,61,8.255555772407952e-05
24,0,8.255555772407952e-05
10,11,8.255555772407952e-05
24,56,8.255555772407952e-05
24,52,8.255555772407952e-05
30,56,8.255555772407952e-05
25,24,8.255555772407952e-05
30,50,8.255555772407952e-05
25,29,8.255555772407952e-05
12,68,8.255555772407952e-05
12,85,8.255555772407952e-05
25,33,8.255555772407952e-05
25,39,8.255555772407952e-05
25,45,8.255555772407952e-05
25,156,8.255555772407952e-05
25,143,8.255555772407952e-05
25,54,8.255555772407952e-05
25,57,8.255555772407952e-05
25,140,8.255555772407952e-05
12,97,8.255555772407952e-05
25,59,8.255555772407952e-05
25,138,8.255555772407952e-05
30,96,8.255555772407952e-05
25,60,8.255555772407952e-05
25,68,8.255555772407952e-05
25,69,8.255555772407952e-05
25,71,8.255555772407952e-05
25,112,8.255555772407952e-05
25,73,8.255555772407952e-05
30,91,8.255555772407952e-05
25,88,8.255555772407952e-05
25,99,8.255555772407952e-05
25,100,8.255555772407952e-05
25,22,8.255555772407952e-05
25,20,8.255555772407952e-05
26,0,8.255555772407952e-05
25,4,8.255555772407952e-05
24,72,8.255555772407952e-05
10,54,8.255555772407952e-05
24,79,8.255555772407952e-05
24,91,8.255555772407952e-05
24,96,8.255555772407952e-05
25,0,8.255555772407952e-05
31,120,8.255555772407952e-05
13,45,8.255555772407952e-05
10,52,8.255555772407952e-05
25,2,8.255555772407952e-05
30,29,8.255555772407952e-05
26,13,8.255555772407952e-05
25,5,8.255555772407952e-05
25,19,8.255555772407952e-05
10,38,8.255555772407952e-05
11,114,8.255555772407952e-05
13,81,8.255555772407952e-05
13,49,8.255555772407952e-05
11,149,8.255555772407952e-05
12,27,8.255555772407952e-05
26,5,8.255555772407952e-05
30,44,8.255555772407952e-05
30,49,8.255555772407952e-05
12,46,8.255555772407952e-05
25,10,8.255555772407952e-05
25,13,8.255555772407952e-05
25,9,8.255555772407952e-05
3,136,8.255555772407952e-05
13,85,8.255555772407952e-05
8,25,8.255555772407952e-05
18,26,8.255555772407952e-05
18,40,8.255555772407952e-05
7,111,8.255555772407952e-05
7,110,8.255555772407952e-05
18,93,8.255555772407952e-05
18,97,8.255555772407952e-05
20,94,8.255555772407952e-05
18,138,8.255555772407952e-05
18,140,8.255555772407952e-05
18,141,8.255555772407952e-05
20,85,8.255555772407952e-05
18,156,8.255555772407952e-05
3,22,8.255555772407952e-05
7,32,8.255555772407952e-05
19,34,8.255555772407952e-05
5,148,8.255555772407952e-05
5,117,8.255555772407952e-05
18,13,8.255555772407952e-05
20,114,8.255555772407952e-05
7,136,8.255555772407952e-05
17,136,8.255555772407952e-05
8,22,8.255555772407952e-05
20,146,8.255555772407952e-05
17,100,8.255555772407952e-05
17,112,8.255555772407952e-05
8,6,8.255555772407952e-05
17,126,8.255555772407952e-05
17,129,8.255555772407952e-05
2,135,8.255555772407952e-05
7,142,8.255555772407952e-05
17,148,8.255555772407952e-05
8,3,8.255555772407952e-05
20,126,8.255555772407952e-05
20,125,8.255555772407952e-05
7,155,8.255555772407952e-05
7,143,8.255555772407952e-05
2,144,8.255555772407952e-05
5,111,8.255555772407952e-05
5,97,8.255555772407952e-05
5,85,8.255555772407952e-05
3,101,8.255555772407952e-05
4,86,8.255555772407952e-05
19,93,8.255555772407952e-05
3,91,8.255555772407952e-05
3,94,8.255555772407952e-05
19,109,8.255555772407952e-05
3,97,8.255555772407952e-05
19,116,8.255555772407952e-05
4,48,8.255555772407952e-05
3,77,8.255555772407952e-05
4,28,8.255555772407952e-05
3,113,8.255555772407952e-05
4,12,8.255555772407952e-05
3,116,8.255555772407952e-05
19,142,8.255555772407952e-05
3,149,8.255555772407952e-05
19,157,8.255555772407952e-05
3,78,8.255555772407952e-05
3,69,8.255555772407952e-05
5,74,8.255555772407952e-05
5,32,8.255555772407952e-05
5,63,8.255555772407952e-05
5,51,8.255555772407952e-05
5,41,8.255555772407952e-05
3,47,8.255555772407952e-05
5,35,8.255555772407952e-05
5,34,8.255555772407952e-05
5,33,8.255555772407952e-05
3,53,8.255555772407952e-05
20,46,8.255555772407952e-05
5,15,8.255555772407952e-05
5,13,8.255555772407952e-05
20,51,8.255555772407952e-05
5,12,8.255555772407952e-05
5,4,8.255555772407952e-05
5,3,8.255555772407952e-05
19,74,8.255555772407952e-05
8,23,8.255555772407952e-05
20,151,8.255555772407952e-05
23,119,8.255555772407952e-05
8,26,8.255555772407952e-05
23,41,8.255555772407952e-05
15,0,8.255555772407952e-05
23,32,8.255555772407952e-05
23,29,8.255555772407952e-05
15,48,8.255555772407952e-05
16,6,8.255555772407952e-05
23,26,8.255555772407952e-05
2,48,8.255555772407952e-05
2,51,8.255555772407952e-05
2,56,8.255555772407952e-05
23,17,8.255555772407952e-05
23,16,8.255555772407952e-05
16,52,8.255555772407952e-05
16,55,8.255555772407952e-05
16,79,8.255555772407952e-05
16,104,8.255555772407952e-05
23,3,8.255555772407952e-05
14,80,8.255555772407952e-05
14,68,8.255555772407952e-05
9,129,8.255555772407952e-05
13,126,8.255555772407952e-05
13,99,8.255555772407952e-05
13,100,8.255555772407952e-05
23,101,8.255555772407952e-05
13,108,8.255555772407952e-05
1,125,8.255555772407952e-05
13,122,8.255555772407952e-05
13,125,8.255555772407952e-05
13,131,8.255555772407952e-05
9,135,8.255555772407952e-05
23,85,8.255555772407952e-05
13,133,8.255555772407952e-05
13,146,8.255555772407952e-05
13,161,8.255555772407952e-05
14,28,8.255555772407952e-05
14,35,8.255555772407952e-05
9,143,8.255555772407952e-05
22,121,8.255555772407952e-05
22,110,8.255555772407952e-05
22,109,8.255555772407952e-05
8,66,8.255555772407952e-05
8,97,8.255555772407952e-05
8,95,8.255555772407952e-05
8,93,8.255555772407952e-05
22,4,8.255555772407952e-05
2,94,8.255555772407952e-05
8,71,8.255555772407952e-05
21,41,8.255555772407952e-05
8,60,8.255555772407952e-05
8,111,8.255555772407952e-05
8,51,8.255555772407952e-05
21,0,8.255555772407952e-05
8,49,8.255555772407952e-05
2,96,8.255555772407952e-05
2,98,8.255555772407952e-05
8,34,8.255555772407952e-05
2,100,8.255555772407952e-05
8,108,8.255555772407952e-05
8,140,8.255555772407952e-05
9,53,8.255555772407952e-05
22,48,8.255555772407952e-05
22,97,8.255555772407952e-05
22,96,8.255555772407952e-05
22,94,8.255555772407952e-05
22,77,8.255555772407952e-05
22,64,8.255555772407952e-05
22,63,8.255555772407952e-05
9,26,8.255555772407952e-05
22,45,8.255555772407952e-05
17,43,8.255555772407952e-05
22,42,8.255555772407952e-05
9,3,8.255555772407952e-05
22,29,8.255555772407952e-05
9,1,8.255555772407952e-05
8,156,8.255555772407952e-05
8,145,8.255555772407952e-05
22,19,8.255555772407952e-05
16,24,8.255555772407952e-05
