node_id,freq
0,0.0001721485203929129
1,0.0001721485203929129
2,0.0001721485203929129
3,0.00035923599299917313
4,0.0001721485203929129
5,0.0008945099513049965
6,0.00045614914708356797
7,0.0006041605174862264
8,0.00025251655544903246
9,0.0003250018875525075
10,0.00012700910334799922
11,0.0005756132701439819
12,0.0001721485203929129
13,0.00012700910334799922
14,0.0003924137670799685
15,0.00042468053253861453
16,0.0005170349100334442
17,0.00012700910334799922
18,0.00012700910334799922
19,0.00025251655544903246
20,0.0002895181473792629
21,0.0002136029994198422
22,0.00042468053253861453
23,0.0002136029994198422
24,0.0001721485203929129
25,0.0003250018875525075
26,0.0003250018875525075
27,0.0001721485203929129
28,0.0002136029994198422
29,0.00012700910334799922
30,0.00045614914708356797
31,0.0003250018875525075
32,0.0002136029994198422
33,0.00025251655544903246
34,0.0001721485203929129
35,0.00012700910334799922
36,0.0002136029994198422
37,0.0007142246748795189
38,0.0002136029994198422
39,0.00025251655544903246
40,0.0002136029994198422
41,0.0010867093069988835
42,0.00042468053253861453
43,0.00025251655544903246
44,0.0002136029994198422
45,0.00025251655544903246
46,0.00025251655544903246
47,0.0001721485203929129
48,0.0002136029994198422
49,0.0003250018875525075
50,0.0005465858443871888
51,0.00025251655544903246
52,0.0001721485203929129
53,0.00025251655544903246
54,0.0002136029994198422
55,0.0002136029994198422
56,0.0001721485203929129
57,0.0002136029994198422
58,0.0008188809811537723
59,0.00025251655544903246
60,0.0001721485203929129
61,0.0003250018875525075
62,0.0002136029994198422
63,0.0003250018875525075
64,0.00035923599299917313
65,0.0002136029994198422
66,0.00042468053253861453
67,0.00012700910334799922
68,0.0002895181473792629
69,0.0002136029994198422
70,0.00025251655544903246
71,0.0007671483652072233
72,0.0007142246748795189
73,0.0003250018875525075
74,0.0006041605174862264
75,0.0008695456048163002
76,0.0008945099513049965
77,0.00025251655544903246
78,0.002789274053009408
79,0.0023702204957338456
80,0.0002895181473792629
81,0.0009437584468851978
82,0.001441252207038593
83,0.001039795199800896
84,0.0008443399915129079
85,0.0008945099513049965
86,0.0006599586600675031
87,0.0017088239953587376
88,0.0011785847261132148
89,0.0008945099513049965
90,0.0007142246748795189
91,0.00035923599299917313
92,0.0016076864891640264
93,0.0009680622708730848
94,0.0005465858443871888
95,0.0022067047780268646
96,0.004619289010922677
97,0.0007408440961995641
98,0.0010633385061718636
99,0.0002895181473792629
100,0.0007931552994237739
101,0.00045614914708356797
102,0.0006041605174862264
103,0.00035923599299917313
104,0.0003250018875525075
105,0.0003924137670799685
106,0.0003250018875525075
107,0.001155846203203648
108,0.0008945099513049965
109,0.0009437584468851978
110,0.00035923599299917313
111,0.0006599586600675031
112,0.0012459462895121828
113,0.0015666374176194723
114,0.00042468053253861453
115,0.00012700910334799922
116,0.0001721485203929129
117,0.0006599586600675031
118,0.0006872702643493297
119,0.0015252265986770003
120,0.00025251655544903246
121,0.0014834375071111699
122,0.0008695456048163002
123,0.0010867093069988835
124,0.0016280801866390949
125,0.001132957572018294
126,0.00042468053253861453
127,0.0001721485203929129
128,0.0008695456048163002
129,0.0007408440961995641
130,0.0012459462895121828
131,0.0001721485203929129
132,0.0010867093069988835
133,0.00459050832139113
134,0.001545978228267025
135,0.0001721485203929129
136,0.0001721485203929129
137,0.0007408440961995641
138,0.0005170349100334442
139,0.00035923599299917313
140,0.004917997705359805
141,0.0012681297612671214
142,0.00025251655544903246
143,0.0008695456048163002
144,0.0006872702643493297
145,0.00035923599299917313
146,0.0006872702643493297
147,0.0003924137670799685
148,0.0002136029994198422
149,0.00048690954456423756
150,0.00025251655544903246
151,0.0013771881631433032
152,0.00035923599299917313
153,0.0002895181473792629
154,0.0005465858443871888
155,0.0011099137429328163
156,0.0009192441543472234
157,0.0003250018875525075
158,0.0015252265986770003
159,0.00048690954456423756
160,0.0010633385061718636
161,0.0009921643626735813
162,0.0012459462895121828
163,0.0006041605174862264
164,0.0007142246748795189
165,0.00042468053253861453
166,0.004136279280267554
167,0.0007671483652072233
168,0.002151304039735489
169,0.00025251655544903246
170,0.00048690954456423756
171,0.002352241511900749
172,0.001441252207038593
173,0.0002136029994198422
174,0.0030571972022185984
175,0.0022433819630263887
176,0.0007142246748795189
177,0.0027209626121540787
178,0.0006599586600675031
179,0.0006872702643493297
180,0.0015043804229222927
181,0.00025251655544903246
182,0.0017487201122211866
183,0.004576095413199496
184,0.0016887593453901904
185,0.00048690954456423756
186,0.0009437584468851978
187,0.00048690954456423756
188,0.0011099137429328163
189,0.0005465858443871888
190,0.0005465858443871888
191,0.0027380935853808267
192,0.0008945099513049965
193,0.0015666374176194723
194,0.0005170349100334442
195,0.0005756132701439819
196,0.001039795199800896
197,0.0005465858443871888
198,0.0010633385061718636
199,0.00048690954456423756
200,0.0005756132701439819
201,0.003365543192076715
202,0.0008443399915129079
203,0.0010160728267839937
204,0.0030571972022185984
205,0.0011785847261132148
206,0.00035923599299917313
207,0.0011785847261132148
208,0.0005465858443871888
209,0.002617406556040666
210,0.0021141049718234124
211,0.0026865922003941867
212,0.0016280801866390949
213,0.0012901846205410031
214,0.00042468053253861453
215,0.002406042994332755
216,0.00048690954456423756
217,0.0005170349100334442
218,0.0006322648585979725
219,0.0005465858443871888
220,0.0005170349100334442
221,0.00045614914708356797
222,0.001420004944237112
223,0.0005170349100334442
224,0.0012459462895121828
225,0.0011785847261132148
226,0.00045614914708356797
227,0.0012011779375838741
228,0.00025251655544903246
229,0.0003250018875525075
230,0.0012901846205410031
231,0.0008695456048163002
232,0.0001721485203929129
233,0.0010867093069988835
234,0.00042468053253861453
235,0.006176374454679274
236,0.001441252207038593
237,0.0018860556303578087
238,0.001039795199800896
239,0.0006599586600675031
240,0.002582584780646052
241,0.004046465857761455
242,0.0022250685614554904
243,0.0012681297612671214
244,0.0005756132701439819
245,0.0017487201122211866
246,0.0016686149118294018
247,0.0016887593453901904
248,0.004061480586748933
249,0.0017487201122211866
250,0.0005465858443871888
251,0.0005756132701439819
252,0.0003250018875525075
253,0.00025251655544903246
254,0.0007142246748795189
255,0.0005170349100334442
256,0.0005170349100334442
257,0.0003924137670799685
258,0.0006872702643493297
259,0.002039041746516014
260,0.00042468053253861453
261,0.00045614914708356797
262,0.0008695456048163002
263,0.0009192441543472234
264,0.0007142246748795189
265,0.0003924137670799685
266,0.001420004944237112
267,0.0006041605174862264
268,0.0006599586600675031
269,0.002151304039735489
270,0.0010160728267839937
271,0.0017883150760823197
272,0.0016686149118294018
273,0.00042468053253861453
274,0.00025251655544903246
275,0.0002895181473792629
276,0.0005465858443871888
277,0.0012901846205410031
278,0.00042468053253861453
279,0.00048690954456423756
280,0.0006041605174862264
281,0.002459446374866255
282,0.0016076864891640264
283,0.00048690954456423756
284,0.0012236303653894518
285,0.0007408440961995641
286,0.0013121145113700239
287,0.0013771881631433032
288,0.0005465858443871888
289,0.00048690954456423756
290,0.0003924137670799685
291,0.0008188809811537723
292,0.0006599586600675031
293,0.0008945099513049965
294,0.00035923599299917313
295,0.0008188809811537723
296,0.0003924137670799685
297,0.001441252207038593
298,0.0010867093069988835
299,0.00048690954456423756
300,0.0027380935853808267
301,0.00045614914708356797
302,0.00035923599299917313
303,0.001039795199800896
304,0.00048690954456423756
305,0.001587206189702352
306,0.0009921643626735813
307,0.0003924137670799685
308,0.0001721485203929129
309,0.0001721485203929129
310,0.00012700910334799922
311,0.0001721485203929129
312,0.0010633385061718636
313,0.0001721485203929129
314,0.00048690954456423756
315,0.0003924137670799685
316,0.0006872702643493297
317,0.00045614914708356797
318,0.0003924137670799685
319,0.00035923599299917313
320,0.0003924137670799685
321,0.00025251655544903246
322,0.0002895181473792629
323,0.0002895181473792629
324,0.0006872702643493297
325,0.0006599586600675031
326,0.001039795199800896
327,0.00025251655544903246
328,0.00012700910334799922
329,0.0011785847261132148
330,0.00012700910334799922
331,0.00025251655544903246
332,0.0003924137670799685
333,0.00012700910334799922
334,0.0006322648585979725
335,0.0003250018875525075
336,0.0007671483652072233
337,0.0002895181473792629
338,0.0001721485203929129
339,0.0019053999218894711
340,0.0003924137670799685
341,0.0001721485203929129
342,0.0005170349100334442
343,0.0007408440961995641
344,0.0003250018875525075
345,0.0003924137670799685
346,0.00025251655544903246
347,0.0006599586600675031
348,0.00025251655544903246
349,0.0002136029994198422
350,0.0002136029994198422
351,0.0001721485203929129
352,0.0006322648585979725
353,0.0006599586600675031
354,0.0013121145113700239
355,0.0001721485203929129
356,0.00012700910334799922
357,0.00035923599299917313
358,0.0001721485203929129
359,0.00025251655544903246
360,0.0001721485203929129
361,0.00025251655544903246
362,0.0002136029994198422
363,0.0002136029994198422
364,0.0002136029994198422
365,0.0003250018875525075
366,0.00012700910334799922
367,0.00012700910334799922
368,0.00012700910334799922
369,0.0012459462895121828
370,0.00012700910334799922
371,0.00045614914708356797
372,0.0002136029994198422
373,0.0006041605174862264
374,0.0007671483652072233
375,0.0001721485203929129
376,0.0002895181473792629
377,0.00045614914708356797
378,0.0003250018875525075
379,0.0017685545312524156
380,0.0021327315406521425
381,0.00012700910334799922
382,0.0002895181473792629
383,0.0001721485203929129
384,0.0002136029994198422
385,0.00042468053253861453
386,0.00025251655544903246
387,0.0001721485203929129
388,0.0002895181473792629
389,0.0002895181473792629
390,0.00025251655544903246
391,0.0001721485203929129
392,0.00048690954456423756
393,0.0008945099513049965
394,0.00042468053253861453
395,0.00035923599299917313
396,0.0005465858443871888
397,0.0002136029994198422
398,0.00042468053253861453
399,0.00025251655544903246
400,0.0002136029994198422
401,0.00012700910334799922
402,0.00048690954456423756
403,0.00048690954456423756
404,0.0002136029994198422
405,0.0006041605174862264
406,0.00025251655544903246
407,0.0012011779375838741
408,0.0002136029994198422
409,0.0003250018875525075
410,0.00025251655544903246
411,0.0003924137670799685
412,0.002477161534162391
413,0.00012700910334799922
414,0.00012700910334799922
415,0.0019630456412406097
416,0.0003250018875525075
417,0.0002136029994198422
418,0.00048690954456423756
419,0.00025251655544903246
420,0.0002895181473792629
421,0.0008188809811537723
422,0.00012700910334799922
423,0.0003250018875525075
424,0.0002895181473792629
425,0.00035923599299917313
426,0.0002895181473792629
427,0.0002895181473792629
428,0.0003250018875525075
429,0.0002136029994198422
430,0.00012700910334799922
431,0.0002136029994198422
432,0.0001721485203929129
433,0.00025251655544903246
434,0.0001721485203929129
435,0.0003924137670799685
436,0.0001721485203929129
437,0.0002895181473792629
438,0.0005756132701439819
439,0.0002136029994198422
440,0.0002136029994198422
441,0.00048690954456423756
442,0.0002895181473792629
443,0.0003924137670799685
444,0.00012700910334799922
445,0.00025251655544903246
446,0.00025251655544903246
447,0.0002136029994198422
448,0.00025251655544903246
449,0.0010160728267839937
450,0.0008945099513049965
451,0.0005756132701439819
452,0.001039795199800896
453,7.55200646857783e-05
454,0.00012700910334799922
455,0.0002136029994198422
456,0.0001721485203929129
457,0.0001721485203929129
458,0.0002136029994198422
459,0.0003250018875525075
460,0.0002895181473792629
461,0.0009437584468851978
462,0.0002895181473792629
463,0.00045614914708356797
464,0.0002136029994198422
465,0.00012700910334799922
466,0.0014623955639792997
467,0.0006322648585979725
468,0.0005465858443871888
469,0.00012700910334799922
470,0.00012700910334799922
471,0.0002136029994198422
472,0.00035923599299917313
473,0.0001721485203929129
474,0.0002895181473792629
475,0.00012700910334799922
476,0.0009680622708730848
477,0.00012700910334799922
478,0.0006322648585979725
479,0.00025251655544903246
480,0.00042468053253861453
481,0.0016686149118294018
482,7.55200646857783e-05
483,0.0006599586600675031
484,7.55200646857783e-05
485,0.0002895181473792629
486,0.00025251655544903246
487,0.00025251655544903246
488,0.0010160728267839937
489,0.0006322648585979725
490,0.0008695456048163002
491,7.55200646857783e-05
492,0.00012700910334799922
493,0.00012700910334799922
494,0.0009680622708730848
495,0.0003250018875525075
496,0.0003250018875525075
497,0.0005170349100334442
498,0.0003250018875525075
499,0.00012700910334799922
500,0.00025251655544903246
501,0.0002136029994198422
502,0.00025251655544903246
503,0.0008695456048163002
504,0.0006599586600675031
505,0.0005170349100334442
506,0.00045614914708356797
507,0.0001721485203929129
508,0.0009921643626735813
509,0.0002136029994198422
510,0.0006599586600675031
511,0.0005756132701439819
512,0.00025251655544903246
513,0.0002136029994198422
514,0.0012681297612671214
515,0.00025251655544903246
516,0.0002895181473792629
517,0.0001721485203929129
518,0.0006041605174862264
519,0.0001721485203929129
520,0.00025251655544903246
521,0.0003924137670799685
522,0.00012700910334799922
523,0.0007408440961995641
524,0.00012700910334799922
525,0.0003250018875525075
526,0.00042468053253861453
527,0.0002136029994198422
528,0.0002136029994198422
529,0.0003924137670799685
530,0.00045614914708356797
531,0.0002136029994198422
532,0.0001721485203929129
533,0.00012700910334799922
534,0.0002136029994198422
535,0.0001721485203929129
536,0.0002895181473792629
537,0.0002136029994198422
538,0.00012700910334799922
539,0.00025251655544903246
540,0.0005465858443871888
541,0.0001721485203929129
542,0.0002895181473792629
543,0.0003924137670799685
544,0.0002895181473792629
545,0.0002136029994198422
546,0.00012700910334799922
547,0.00025251655544903246
548,0.0002136029994198422
549,0.0002136029994198422
550,0.00012700910334799922
551,0.00025251655544903246
552,0.0002136029994198422
553,0.00025251655544903246
554,0.0002895181473792629
555,0.0008188809811537723
556,0.00048690954456423756
557,0.00045614914708356797
558,0.00035923599299917313
559,0.00012700910334799922
560,0.0002136029994198422
561,0.0002136029994198422
562,0.00048690954456423756
563,0.0002895181473792629
564,0.00025251655544903246
565,0.00025251655544903246
566,0.0002136029994198422
567,0.00025251655544903246
568,0.0002136029994198422
569,0.0002136029994198422
570,0.0002136029994198422
571,0.00012700910334799922
572,0.0002895181473792629
573,0.00025251655544903246
574,0.0001721485203929129
575,0.0002136029994198422
576,0.0003250018875525075
577,0.00012700910334799922
578,0.00025251655544903246
579,0.00012700910334799922
580,0.0002136029994198422
581,0.0002136029994198422
582,0.0002136029994198422
583,0.0002895181473792629
584,0.0001721485203929129
585,0.00025251655544903246
586,0.0002136029994198422
587,0.0002136029994198422
588,0.0002136029994198422
589,0.0002895181473792629
590,0.0001721485203929129
591,0.00012700910334799922
592,0.00025251655544903246
593,0.00012700910334799922
594,0.0002136029994198422
595,0.0002895181473792629
596,0.0001721485203929129
597,0.0002895181473792629
598,0.0002136029994198422
599,0.0006322648585979725
600,0.0002895181473792629
601,0.0002895181473792629
602,0.0002136029994198422
603,0.0002136029994198422
604,0.0002136029994198422
605,0.0001721485203929129
606,0.0002136029994198422
607,0.0002136029994198422
608,0.00025251655544903246
609,0.00025251655544903246
610,0.00025251655544903246
611,0.00035923599299917313
612,0.001039795199800896
613,0.0012236303653894518
614,0.0019630456412406097
615,0.006176374454679274
616,0.00048690954456423756
617,0.001132957572018294
618,0.0010633385061718636
619,0.0016887593453901904
620,0.0026865922003941867
621,0.0007408440961995641
622,0.0008443399915129079
623,0.0021141049718234124
624,0.002169823244856807
625,0.0013556130679451867
626,0.0007671483652072233
627,0.0036491931766685437
628,0.001587206189702352
629,0.0007142246748795189
630,0.0027551889057670525
631,0.016828827741464627
632,0.00045614914708356797
633,0.00012700910334799922
634,0.0002895181473792629
635,0.0002895181473792629
636,0.0001721485203929129
637,0.0021327315406521425
638,0.00048690954456423756
639,0.0018860556303578087
640,0.0001721485203929129
641,0.0002895181473792629
642,0.0002136029994198422
643,0.00025251655544903246
644,0.0001721485203929129
645,0.0006599586600675031
646,0.0002136029994198422
647,0.0003250018875525075
648,0.0003924137670799685
649,0.00012700910334799922
650,0.0003924137670799685
651,0.00035923599299917313
652,0.00025251655544903246
653,0.0001721485203929129
654,0.0002895181473792629
655,0.0002895181473792629
656,0.0005170349100334442
657,0.0002136029994198422
658,0.0006041605174862264
659,0.0001721485203929129
660,0.0013986511710785642
661,0.00042468053253861453
662,0.00035923599299917313
663,0.00012700910334799922
664,0.0002136029994198422
665,0.0006599586600675031
666,0.00042468053253861453
667,7.55200646857783e-05
668,0.0003924137670799685
669,0.0006322648585979725
670,0.00012700910334799922
671,0.00042468053253861453
672,0.0003250018875525075
673,0.0002895181473792629
674,0.00045614914708356797
675,0.0001721485203929129
676,0.0005756132701439819
677,0.0001721485203929129
678,0.0012011779375838741
679,0.00025251655544903246
680,0.0002136029994198422
681,0.00025251655544903246
682,0.0002895181473792629
683,0.0001721485203929129
684,0.0005465858443871888
685,0.00012700910334799922
686,0.00012700910334799922
687,0.00025251655544903246
688,0.0003924137670799685
689,0.0001721485203929129
690,0.0002136029994198422
691,0.00025251655544903246
692,0.0003250018875525075
693,0.00025251655544903246
694,0.00012700910334799922
695,0.0010633385061718636
696,0.00012700910334799922
697,0.0002136029994198422
698,0.00035923599299917313
699,0.0002136029994198422
700,0.00012700910334799922
701,0.0006041605174862264
702,0.0001721485203929129
703,0.00012700910334799922
704,0.0002136029994198422
705,0.0010867093069988835
706,0.0001721485203929129
707,0.0006041605174862264
708,0.0013121145113700239
709,0.0002136029994198422
710,0.0003924137670799685
711,0.0003250018875525075
712,0.00025251655544903246
713,0.0002136029994198422
714,0.0002895181473792629
715,0.0006322648585979725
716,0.00035923599299917313
717,0.0002136029994198422
718,0.00012700910334799922
719,0.0008188809811537723
720,0.0005170349100334442
721,0.0001721485203929129
722,0.00012700910334799922
723,0.00035923599299917313
724,0.00025251655544903246
725,0.0001721485203929129
726,0.0005465858443871888
727,0.00025251655544903246
728,0.00048690954456423756
729,0.0002895181473792629
730,0.0008443399915129079
731,0.0002136029994198422
732,0.0007142246748795189
733,0.00012700910334799922
734,0.0002136029994198422
735,0.00025251655544903246
736,0.0005170349100334442
737,0.00035923599299917313
738,0.0002895181473792629
739,0.0002136029994198422
740,0.0002136029994198422
741,0.00045614914708356797
742,0.0002136029994198422
743,0.00012700910334799922
744,0.0002895181473792629
745,0.0001721485203929129
746,7.55200646857783e-05
747,0.0003924137670799685
748,0.00035923599299917313
749,0.0002895181473792629
750,0.0002136029994198422
751,0.0002895181473792629
752,0.0002136029994198422
753,0.0001721485203929129
754,0.0003250018875525075
755,0.0002136029994198422
756,0.00012700910334799922
757,0.0003250018875525075
758,0.00012700910334799922
759,0.0002136029994198422
760,0.0001721485203929129
761,0.0002136029994198422
762,0.0002136029994198422
763,0.0002895181473792629
764,0.00012700910334799922
765,0.0002136029994198422
766,0.00035923599299917313
767,0.0002895181473792629
768,0.0002136029994198422
769,0.0002136029994198422
770,0.0002136029994198422
771,0.00025251655544903246
772,0.0002136029994198422
773,0.00035923599299917313
774,0.00025251655544903246
775,0.00012700910334799922
776,0.00035923599299917313
777,0.00025251655544903246
778,0.0001721485203929129
779,0.0002136029994198422
780,0.0003250018875525075
781,0.0002136029994198422
782,0.0002895181473792629
783,0.0001721485203929129
784,0.00025251655544903246
785,0.0002895181473792629
786,0.0003250018875525075
787,0.0002136029994198422
788,0.00012700910334799922
789,0.0002895181473792629
790,0.0002895181473792629
791,0.0001721485203929129
792,0.00012700910334799922
793,0.0001721485203929129
794,0.00025251655544903246
795,0.00025251655544903246
796,0.0002136029994198422
797,0.00012700910334799922
798,0.0001721485203929129
799,0.00025251655544903246
800,0.00035923599299917313
801,0.0002895181473792629
802,0.0002895181473792629
803,0.00025251655544903246
804,0.0002895181473792629
805,0.0001721485203929129
806,0.00025251655544903246
807,0.00012700910334799922
808,0.0002895181473792629
809,0.0003924137670799685
810,0.00012700910334799922
811,0.0002895181473792629
812,0.0003250018875525075
813,0.0002895181473792629
814,0.0002136029994198422
815,0.0002895181473792629
816,0.00025251655544903246
817,0.0002895181473792629
818,0.00012700910334799922
819,0.0002136029994198422
820,0.0002136029994198422
821,0.0002895181473792629
822,0.0003250018875525075
823,0.00012700910334799922
824,0.0002895181473792629
825,0.0002136029994198422
826,0.0002895181473792629
827,0.00025251655544903246
828,0.0002136029994198422
829,0.0003250018875525075
830,0.0001721485203929129
831,7.55200646857783e-05
832,0.0002136029994198422
833,0.0002136029994198422
834,0.0002136029994198422
835,0.00025251655544903246
836,0.0003250018875525075
837,0.0002895181473792629
838,0.00035923599299917313
839,0.00012700910334799922
840,0.0002895181473792629
841,0.0002136029994198422
842,0.0002136029994198422
843,0.0001721485203929129
844,0.0001721485203929129
845,0.00025251655544903246
846,0.0008695456048163002
847,0.0001721485203929129
848,0.0002136029994198422
849,0.0002895181473792629
850,0.0007931552994237739
851,0.00012700910334799922
852,0.0006041605174862264
853,0.0003250018875525075
854,0.00012700910334799922
855,0.0001721485203929129
856,0.0005170349100334442
857,0.0002136029994198422
858,0.00042468053253861453
859,0.0002136029994198422
860,0.0002895181473792629
861,0.0002895181473792629
862,0.00035923599299917313
863,0.0003250018875525075
864,0.0014623955639792997
865,0.0003250018875525075
866,0.00048690954456423756
867,0.00042468053253861453
868,0.00025251655544903246
869,0.00035923599299917313
870,0.0005465858443871888
871,0.00035923599299917313
872,0.0002136029994198422
873,0.00025251655544903246
874,0.0003250018875525075
875,0.0005170349100334442
876,0.0002136029994198422
877,0.00045614914708356797
878,0.0003250018875525075
879,0.0006322648585979725
880,0.0005465858443871888
881,0.0013771881631433032
882,0.00012700910334799922
883,0.00025251655544903246
884,0.0002136029994198422
885,0.0003250018875525075
886,0.00025251655544903246
887,0.0001721485203929129
888,0.0001721485203929129
889,0.0006322648585979725
890,0.0001721485203929129
891,0.0006041605174862264
892,0.0002895181473792629
893,0.0002136029994198422
894,0.00012700910334799922
895,0.00035923599299917313
896,0.0009680622708730848
897,0.0001721485203929129
898,0.0003924137670799685
899,0.0001721485203929129
900,0.0005756132701439819
901,0.00025251655544903246
902,0.00025251655544903246
903,0.00035923599299917313
904,0.00035923599299917313
905,0.00012700910334799922
906,0.00025251655544903246
907,0.0008695456048163002
908,0.0002895181473792629
909,0.00035923599299917313
910,0.00035923599299917313
911,0.0002136029994198422
912,0.0001721485203929129
913,0.00048690954456423756
914,0.001039795199800896
915,0.0006872702643493297
916,0.0005170349100334442
917,0.0001721485203929129
918,0.0011099137429328163
919,0.0002895181473792629
920,0.0002136029994198422
921,0.0001721485203929129
922,0.0003250018875525075
923,0.0001721485203929129
924,0.0007142246748795189
925,0.00045614914708356797
926,0.00012700910334799922
927,0.00012700910334799922
928,0.0007671483652072233
929,0.0002136029994198422
930,0.001155846203203648
931,0.00012700910334799922
932,0.00025251655544903246
933,0.00025251655544903246
934,0.0009192441543472234
935,0.0002895181473792629
936,0.00045614914708356797
937,0.00025251655544903246
938,0.00025251655544903246
939,0.0002136029994198422
940,0.00012700910334799922
941,0.0001721485203929129
942,0.0001721485203929129
943,0.0002895181473792629
944,0.0002895181473792629
945,0.00012700910334799922
946,0.0002895181473792629
947,0.00025251655544903246
948,0.0001721485203929129
949,0.00045614914708356797
950,0.00035923599299917313
951,0.0005465858443871888
952,0.0005170349100334442
953,0.00035923599299917313
954,0.00035923599299917313
955,0.0002136029994198422
956,0.00012700910334799922
957,0.0009680622708730848
958,0.0005170349100334442
959,0.0002895181473792629
960,0.0002136029994198422
961,0.00025251655544903246
962,0.0003924137670799685
963,0.0002895181473792629
964,0.00042468053253861453
965,0.0002136029994198422
966,0.00025251655544903246
967,0.0002136029994198422
968,0.0006872702643493297
969,0.0003250018875525075
970,0.0003250018875525075
971,0.00048690954456423756
972,0.0002136029994198422
973,0.0002895181473792629
974,0.0003250018875525075
975,0.0006872702643493297
976,0.00025251655544903246
977,0.0006041605174862264
978,0.00025251655544903246
979,0.00042468053253861453
980,0.0002136029994198422
981,0.00048690954456423756
982,0.0002136029994198422
983,0.0008695456048163002
984,0.00045614914708356797
985,0.00012700910334799922
986,0.0006872702643493297
987,0.0002895181473792629
988,0.0002895181473792629
989,0.0008188809811537723
990,0.0005756132701439819
991,0.0006599586600675031
992,0.0002136029994198422
993,0.00045614914708356797
994,0.0001721485203929129
995,0.0001721485203929129
996,0.00035923599299917313
997,0.0001721485203929129
998,0.00012700910334799922
999,0.0003250018875525075
1000,0.0001721485203929129
1001,0.00048690954456423756
1002,0.0002136029994198422
1003,0.0002136029994198422
1004,0.00012700910334799922
1005,0.00012700910334799922
1006,0.00025251655544903246
1007,0.0003250018875525075
1008,0.0001721485203929129
1009,0.00012700910334799922
1010,0.0001721485203929129
1011,0.00025251655544903246
1012,0.0002895181473792629
1013,0.00012700910334799922
1014,0.00012700910334799922
1015,0.0003250018875525075
1016,0.0002136029994198422
1017,0.0001721485203929129
1018,0.0001721485203929129
1019,0.0002895181473792629
1020,0.00012700910334799922
1021,0.00025251655544903246
1022,0.00012700910334799922
1023,0.00012700910334799922
1024,0.0001721485203929129
1025,0.0001721485203929129
1026,0.0002136029994198422
1027,0.0001721485203929129
1028,0.0002895181473792629
1029,0.0002136029994198422
1030,0.00025251655544903246
1031,0.00012700910334799922
1032,0.00012700910334799922
1033,0.00012700910334799922
1034,0.00042468053253861453
1035,0.0002895181473792629
1036,0.0001721485203929129
1037,0.0002895181473792629
1038,0.0001721485203929129
1039,0.0001721485203929129
1040,0.00035923599299917313
1041,0.0002136029994198422
1042,0.00025251655544903246
1043,0.0001721485203929129
1044,0.00025251655544903246
1045,0.0002136029994198422
1046,0.0002136029994198422
1047,0.00012700910334799922
1048,0.0003250018875525075
1049,0.0003250018875525075
1050,0.00045614914708356797
1051,0.0002895181473792629
1052,0.0001721485203929129
1053,0.00025251655544903246
1054,0.00025251655544903246
1055,0.00012700910334799922
1056,0.0002136029994198422
1057,0.0002136029994198422
1058,0.0001721485203929129
1059,0.0002136029994198422
1060,0.0001721485203929129
1061,0.0002895181473792629
1062,0.00012700910334799922
1063,0.00025251655544903246
1064,0.00012700910334799922
1065,0.0001721485203929129
1066,0.0002136029994198422
1067,0.00045614914708356797
1068,0.00035923599299917313
1069,0.00012700910334799922
1070,0.0002136029994198422
1071,0.0003250018875525075
1072,0.0001721485203929129
1073,0.00012700910334799922
1074,0.0002895181473792629
1075,0.00035923599299917313
1076,0.0001721485203929129
1077,0.0001721485203929129
1078,0.00035923599299917313
1079,0.0001721485203929129
1080,0.0002895181473792629
1081,0.0003250018875525075
1082,0.0002895181473792629
1083,0.0001721485203929129
1084,0.00012700910334799922
1085,0.00035923599299917313
1086,0.0001721485203929129
1087,0.0001721485203929129
1088,0.0002895181473792629
1089,0.00025251655544903246
1090,0.0002136029994198422
1091,0.0002136029994198422
1092,0.00048690954456423756
1093,0.00012700910334799922
1094,0.0002136029994198422
1095,0.0002136029994198422
1096,0.0001721485203929129
1097,0.00025251655544903246
1098,0.0003250018875525075
1099,0.00012700910334799922
1100,0.0005465858443871888
1101,0.0002895181473792629
1102,0.00042468053253861453
1103,0.0002136029994198422
1104,0.0002136029994198422
1105,0.00012700910334799922
1106,0.0002136029994198422
1107,0.0002136029994198422
1108,0.00025251655544903246
1109,0.00035923599299917313
1110,0.0001721485203929129
1111,0.0002136029994198422
1112,0.00012700910334799922
1113,0.00012700910334799922
1114,0.0001721485203929129
1115,0.0002136029994198422
1116,0.00012700910334799922
1117,0.0005170349100334442
1118,0.0001721485203929129
1119,0.0002895181473792629
1120,0.0002895181473792629
1121,0.0001721485203929129
1122,0.0001721485203929129
1123,0.0001721485203929129
1124,0.00012700910334799922
1125,0.0002136029994198422
1126,0.0003250018875525075
1127,0.0002895181473792629
1128,0.00012700910334799922
1129,0.00025251655544903246
1130,0.00012700910334799922
1131,0.0003250018875525075
1132,0.0002136029994198422
1133,0.0002136029994198422
1134,0.0001721485203929129
1135,0.00025251655544903246
1136,0.00012700910334799922
1137,0.0002136029994198422
1138,0.0002136029994198422
1139,0.00025251655544903246
1140,0.00035923599299917313
1141,0.0001721485203929129
1142,0.00012700910334799922
1143,0.0001721485203929129
1144,0.0002895181473792629
1145,0.0001721485203929129
1146,0.0005465858443871888
1147,0.0001721485203929129
1148,0.00025251655544903246
1149,0.0002895181473792629
1150,0.0002136029994198422
1151,0.00025251655544903246
1152,0.0001721485203929129
1153,0.0001721485203929129
1154,0.0001721485203929129
1155,0.0001721485203929129
1156,0.00012700910334799922
1157,0.00012700910334799922
1158,0.00025251655544903246
1159,0.00035923599299917313
1160,0.00012700910334799922
1161,0.0002136029994198422
1162,0.0002136029994198422
1163,0.0002136029994198422
1164,0.0001721485203929129
1165,0.0001721485203929129
1166,0.00567357499595142
1167,0.0009921643626735813
1168,0.00045614914708356797
1169,0.0011785847261132148
1170,0.0019053999218894711
1171,0.0002136029994198422
1172,0.00045614914708356797
1173,0.0011099137429328163
1174,0.0005465858443871888
1175,0.0008695456048163002
1176,0.0003924137670799685
1177,0.00025251655544903246
1178,0.001155846203203648
1179,0.0005465858443871888
1180,0.0008945099513049965
1181,0.0003250018875525075
1182,0.0003250018875525075
1183,0.0016483890827498403
1184,0.00035923599299917313
1185,0.00048690954456423756
1186,0.0002895181473792629
1187,0.00048690954456423756
1188,0.0003250018875525075
1189,0.0002895181473792629
1190,0.0006041605174862264
1191,0.0010867093069988835
1192,0.0015666374176194723
1193,0.0002895181473792629
1194,0.00025251655544903246
1195,0.0003924137670799685
1196,0.00025251655544903246
1197,0.00045614914708356797
1198,0.00025251655544903246
1199,0.0008945099513049965
1200,0.0015252265986770003
1201,0.0002136029994198422
1202,0.0002136029994198422
1203,0.00025251655544903246
1204,0.0005170349100334442
1205,0.0015043804229222927
1206,0.001155846203203648
1207,0.0007931552994237739
1208,0.0006599586600675031
1209,0.0010867093069988835
1210,0.0007931552994237739
1211,0.0003924137670799685
1212,0.0007671483652072233
1213,0.00042468053253861453
1214,0.0002895181473792629
1215,0.0002895181473792629
1216,0.0003924137670799685
1217,0.0005170349100334442
1218,0.0001721485203929129
1219,0.0002136029994198422
1220,0.001155846203203648
1221,0.0003924137670799685
1222,0.00035923599299917313
1223,0.0005465858443871888
1224,0.0002136029994198422
1225,0.0007142246748795189
1226,0.0007408440961995641
1227,0.00042468053253861453
1228,0.0003924137670799685
1229,0.00035923599299917313
1230,0.0006041605174862264
1231,0.0002136029994198422
1232,0.00035923599299917313
1233,0.00012700910334799922
1234,0.0015043804229222927
1235,0.00012700910334799922
1236,0.0001721485203929129
1237,0.0003250018875525075
1238,0.00012700910334799922
1239,0.00042468053253861453
1240,0.00042468053253861453
1241,0.0007671483652072233
1242,0.0006041605174862264
1243,0.00025251655544903246
1244,0.0002895181473792629
1245,0.0001721485203929129
1246,0.0002895181473792629
1247,0.0002895181473792629
1248,0.0005756132701439819
1249,0.0010867093069988835
1250,0.0013986511710785642
1251,0.0007142246748795189
1252,0.0008188809811537723
1253,0.0007408440961995641
1254,0.0010867093069988835
1255,0.00048690954456423756
1256,0.001039795199800896
1257,0.0005756132701439819
1258,0.0005465858443871888
1259,0.0005465858443871888
1260,0.0006041605174862264
1261,0.0002895181473792629
1262,0.0006599586600675031
1263,0.0016686149118294018
1264,0.004210629761977039
1265,0.0006599586600675031
1266,0.0013556130679451867
1267,0.0002895181473792629
1268,0.0006599586600675031
1269,0.00035923599299917313
1270,0.00012700910334799922
1271,0.0007671483652072233
1272,0.00025251655544903246
1273,0.0005170349100334442
1274,0.00048690954456423756
1275,0.001132957572018294
1276,0.0010633385061718636
1277,0.0005465858443871888
1278,0.0002895181473792629
1279,0.0003250018875525075
1280,0.0023342166038644854
1281,0.0001721485203929129
1282,0.0002895181473792629
1283,0.00042468053253861453
1284,0.00045614914708356797
1285,0.0006872702643493297
1286,0.0015252265986770003
1287,0.0006322648585979725
1288,0.0002136029994198422
1289,0.0003250018875525075
1290,0.0014834375071111699
1291,0.00045614914708356797
1292,0.0015252265986770003
1293,0.0003924137670799685
1294,0.00012700910334799922
1295,0.0002136029994198422
1296,0.0010160728267839937
1297,0.00042468053253861453
1298,0.00025251655544903246
1299,0.00035923599299917313
1300,0.0016887593453901904
1301,0.0002895181473792629
1302,0.00035923599299917313
1303,0.0007142246748795189
1304,0.0006872702643493297
1305,0.00048690954456423756
1306,0.0006872702643493297
1307,0.001039795199800896
1308,0.0011099137429328163
1309,0.00035923599299917313
1310,0.00045614914708356797
1311,0.0010867093069988835
1312,0.00042468053253861453
1313,0.00035923599299917313
1314,0.0002136029994198422
1315,0.0017288104170961123
1316,0.0002895181473792629
1317,0.0001721485203929129
1318,0.0002136029994198422
1319,0.0012901846205410031
1320,0.00025251655544903246
1321,0.0002136029994198422
1322,0.00035923599299917313
1323,0.0006041605174862264
1324,0.00025251655544903246
1325,0.00045614914708356797
1326,0.0003250018875525075
1327,0.00035923599299917313
1328,0.0030571972022185984
1329,0.0002136029994198422
1330,0.0017883150760823197
1331,0.0002136029994198422
1332,0.00042468053253861453
1333,0.00025251655544903246
1334,0.0012236303653894518
1335,0.0006599586600675031
1336,0.0002136029994198422
1337,0.0014623955639792997
1338,0.00045614914708356797
1339,0.00035923599299917313
1340,0.0002136029994198422
1341,0.002261645666373468
1342,0.001132957572018294
1343,0.00035923599299917313
1344,0.00025251655544903246
1345,0.0001721485203929129
1346,0.0016686149118294018
1347,0.0008188809811537723
1348,0.0010867093069988835
1349,0.00012700910334799922
1350,0.003007575473643593
1351,0.0003250018875525075
1352,0.0006872702643493297
1353,0.0002895181473792629
1354,0.0009680622708730848
1355,0.0015252265986770003
1356,0.0003250018875525075
1357,0.0001721485203929129
1358,0.0005170349100334442
1359,0.00025251655544903246
1360,0.0010160728267839937
1361,0.00025251655544903246
1362,0.00045614914708356797
1363,0.0018080031022975726
1364,0.00012700910334799922
1365,0.004518291501120122
1366,0.002188289911990992
1367,0.0005465858443871888
1368,0.0005465858443871888
1369,0.0002136029994198422
1370,0.0006872702643493297
1371,0.0006599586600675031
1372,0.0005756132701439819
1373,0.0003250018875525075
1374,0.0005756132701439819
1375,0.0001721485203929129
1376,0.0006872702643493297
1377,0.0017288104170961123
1378,0.00048690954456423756
1379,0.001132957572018294
1380,0.0003250018875525075
1381,0.0002136029994198422
1382,0.0034609493161306165
1383,0.0005465858443871888
1384,0.0017685545312524156
1385,0.0007408440961995641
1386,0.0012236303653894518
1387,0.0007142246748795189
1388,0.00048690954456423756
1389,0.00042468053253861453
1390,0.0006041605174862264
1391,0.0007142246748795189
1392,0.0008945099513049965
1393,0.0009921643626735813
1394,0.0005465858443871888
1395,0.0016076864891640264
1396,0.0005756132701439819
1397,0.0013121145113700239
1398,0.0001721485203929129
1399,0.0002895181473792629
1400,0.0008695456048163002
1401,0.0003924137670799685
1402,0.0007931552994237739
1403,0.0001721485203929129
1404,0.0006599586600675031
1405,0.0003250018875525075
1406,0.0005756132701439819
1407,0.0002136029994198422
1408,0.0002895181473792629
1409,0.0006872702643493297
1410,0.0005465858443871888
1411,0.0015666374176194723
1412,0.0008188809811537723
1413,0.00042468053253861453
1414,0.0025476057870071067
1415,0.004180942499628123
1416,0.0001721485203929129
1417,0.0009921643626735813
1418,0.0013556130679451867
1419,0.00045614914708356797
1420,0.0002136029994198422
1421,0.0002895181473792629
1422,0.0007408440961995641
1423,0.0003924137670799685
1424,0.0006599586600675031
1425,0.00035923599299917313
1426,0.00042468053253861453
1427,0.0001721485203929129
1428,0.0001721485203929129
1429,0.0001721485203929129
1430,0.00035923599299917313
1431,0.00042468053253861453
1432,0.00048690954456423756
1433,0.007562268063395982
1434,0.0008188809811537723
1435,0.0006599586600675031
1436,0.0003250018875525075
1437,0.00042468053253861453
1438,0.001039795199800896
1439,0.00042468053253861453
1440,0.0005170349100334442
1441,0.0005170349100334442
1442,0.0002136029994198422
1443,0.0008945099513049965
1444,0.0006041605174862264
1445,0.0009437584468851978
1446,0.0006041605174862264
1447,0.00025251655544903246
1448,0.0006322648585979725
1449,0.0002136029994198422
1450,0.0003250018875525075
1451,0.00012700910334799922
1452,0.0027380935853808267
1453,0.00045614914708356797
1454,0.0008188809811537723
1455,0.00035923599299917313
1456,0.0002895181473792629
1457,0.0015252265986770003
1458,0.00035923599299917313
1459,0.00025251655544903246
1460,0.0003250018875525075
1461,0.0006322648585979725
1462,0.0003250018875525075
1463,0.0023702204957338456
1464,0.0012236303653894518
1465,0.0007671483652072233
1466,0.0005756132701439819
1467,0.0001721485203929129
1468,0.00042468053253861453
1469,0.00035923599299917313
1470,0.00035923599299917313
1471,0.0002895181473792629
1472,0.004136279280267554
1473,0.0007671483652072233
1474,0.0005756132701439819
1475,0.0002136029994198422
1476,0.00025251655544903246
1477,0.0005465858443871888
1478,0.001132957572018294
1479,0.0003924137670799685
1480,0.0002136029994198422
1481,0.0009921643626735813
1482,0.0003250018875525075
1483,0.0002136029994198422
1484,0.0003250018875525075
1485,0.00042468053253861453
1486,0.0002895181473792629
1487,0.00048690954456423756
1488,0.0003924137670799685
1489,0.0002895181473792629
1490,0.0001721485203929129
1491,0.0002136029994198422
1492,0.0001721485203929129
1493,0.0002136029994198422
1494,0.00012700910334799922
1495,0.0001721485203929129
1496,0.0002136029994198422
1497,0.0002136029994198422
1498,0.0001721485203929129
1499,0.0002895181473792629
1500,0.0001721485203929129
1501,0.0002136029994198422
1502,0.0003250018875525075
1503,0.0002136029994198422
1504,0.00025251655544903246
1505,0.00025251655544903246
1506,0.00025251655544903246
1507,0.0001721485203929129
1508,0.0001721485203929129
1509,0.0002895181473792629
1510,0.0013339228960498764
1511,0.0023881541345030766
1512,0.0002895181473792629
1513,0.0013339228960498764
1514,0.0002136029994198422
1515,0.0008188809811537723
1516,0.0001721485203929129
1517,0.00045614914708356797
1518,0.0002136029994198422
1519,0.0001721485203929129
1520,0.0002136029994198422
1521,0.00012700910334799922
1522,0.0006599586600675031
1523,0.0030241461699240715
1524,0.0001721485203929129
1525,0.0009192441543472234
1526,0.00025251655544903246
1527,0.0002895181473792629
1528,0.00025251655544903246
1529,0.00035923599299917313
1530,0.00048690954456423756
1531,0.0003250018875525075
1532,0.0007671483652072233
1533,0.0017088239953587376
1534,0.0017883150760823197
1535,0.0012236303653894518
1536,0.0016887593453901904
1537,0.0012459462895121828
1538,0.00012700910334799922
1539,0.0002895181473792629
1540,0.0028062645955924744
1541,0.0016280801866390949
1542,0.0010160728267839937
1543,0.0007408440961995641
1544,0.0008695456048163002
1545,0.0007931552994237739
1546,0.0003924137670799685
1547,0.0010867093069988835
1548,0.001420004944237112
1549,0.0003924137670799685
1550,0.0003250018875525075
1551,0.0001721485203929129
1552,0.0003250018875525075
1553,0.0008695456048163002
1554,0.0005170349100334442
1555,0.00260001510042006
1556,0.003106551885421372
1557,0.0037729037015074626
1558,0.0007142246748795189
1559,7.55200646857783e-05
1560,0.0007671483652072233
1561,0.0030571972022185984
1562,0.0018666449753460762
1563,0.00035923599299917313
1564,0.0010867093069988835
1565,0.0007408440961995641
1566,0.0003250018875525075
1567,0.001155846203203648
1568,0.0005465858443871888
1569,0.0011099137429328163
1570,0.006880979212162553
1571,0.0005465858443871888
1572,0.0023342166038644854
1573,0.0012901846205410031
1574,0.0008695456048163002
1575,0.0006599586600675031
1576,0.0002136029994198422
1577,0.00012700910334799922
1578,0.0008443399915129079
1579,0.0009192441543472234
1580,0.0011099137429328163
1581,0.0008695456048163002
1582,0.008459752806165398
1583,0.0010867093069988835
1584,0.0008695456048163002
1585,0.0008695456048163002
1586,0.00035923599299917313
1587,0.0006322648585979725
1588,0.0008945099513049965
1589,0.00025251655544903246
1590,0.0005465858443871888
1591,0.0006322648585979725
1592,0.0001721485203929129
1593,0.001155846203203648
1594,0.00035923599299917313
1595,0.00045614914708356797
1596,0.00035923599299917313
1597,0.0007671483652072233
1598,0.0002136029994198422
1599,0.0003250018875525075
1600,0.0002895181473792629
1601,0.00048690954456423756
1602,0.0026865922003941867
1603,0.0002136029994198422
1604,0.0002895181473792629
1605,0.0002895181473792629
1606,0.0006322648585979725
1607,0.0002895181473792629
1608,0.00035923599299917313
1609,0.0002136029994198422
1610,0.00025251655544903246
1611,0.0003924137670799685
1612,0.00048690954456423756
1613,0.0002136029994198422
1614,0.00045614914708356797
1615,0.0005465858443871888
1616,0.0007142246748795189
1617,0.0007142246748795189
1618,0.00025251655544903246
1619,0.00025251655544903246
1620,0.00012700910334799922
1621,0.00012700910334799922
1622,0.0001721485203929129
1623,0.00012700910334799922
1624,0.0003250018875525075
1625,0.0003250018875525075
1626,0.001132957572018294
1627,0.0019630456412406097
1628,0.0003924137670799685
1629,0.0012236303653894518
1630,0.0006041605174862264
1631,0.0002895181473792629
1632,0.0007408440961995641
1633,0.00042468053253861453
1634,0.001132957572018294
1635,0.00048690954456423756
1636,0.0008945099513049965
1637,0.0005465858443871888
1638,0.0001721485203929129
1639,0.0006599586600675031
1640,0.0005465858443871888
1641,0.0008945099513049965
1642,0.0013339228960498764
1643,0.003106551885421372
1644,0.0003250018875525075
1645,0.0002895181473792629
1646,0.0005465858443871888
1647,0.00035923599299917313
1648,0.0014623955639792997
1649,0.0006041605174862264
1650,0.0009192441543472234
1651,0.0008945099513049965
1652,0.0005465858443871888
1653,0.0006322648585979725
1654,0.0002895181473792629
1655,0.00035923599299917313
1656,0.0016076864891640264
1657,0.00045614914708356797
1658,0.0009192441543472234
1659,0.0009437584468851978
1660,0.004988222297046415
1661,0.0002895181473792629
1662,0.0001721485203929129
1663,0.003539789052162102
1664,0.0021141049718234124
1665,0.0003924137670799685
1666,0.00045614914708356797
1667,0.00048690954456423756
1668,0.00042468053253861453
1669,0.00048690954456423756
1670,0.00048690954456423756
1671,0.00012700910334799922
1672,7.55200646857783e-05
1673,0.00035923599299917313
1674,0.0002895181473792629
1675,0.00025251655544903246
1676,0.0003250018875525075
1677,0.00045614914708356797
1678,0.0008695456048163002
1679,0.00048690954456423756
1680,0.0001721485203929129
1681,0.00035923599299917313
1682,0.00025251655544903246
1683,0.0008443399915129079
1684,0.0001721485203929129
1685,0.0018666449753460762
1686,0.0002895181473792629
1687,0.0002895181473792629
1688,0.0002136029994198422
1689,0.0001721485203929129
1690,0.0005465858443871888
1691,0.00045614914708356797
1692,0.0001721485203929129
1693,0.0002895181473792629
1694,0.0002136029994198422
1695,0.027621982879392777
1696,0.020255780266542508
1697,0.01565794617912334
1698,0.015305542590811577
1699,0.015587678565075576
1700,0.012263814015115164
1701,0.011957843577229604
1702,0.011513369299670586
1703,0.011649240569669176
1704,0.01149391556027556
1705,0.010825742395844074
1706,0.010984170077468353
1707,0.010766132806638037
1708,0.010264999661061966
1709,0.010264999661061966
1710,0.010041914068194593
1711,0.009404051119949856
1712,0.009673245393631008
1713,0.009611347462362065
1714,0.009424848880579123
1715,0.009980786273581342
1716,0.009445631354333408
1717,0.009005911841355062
1718,0.009069160740912179
1719,0.008857750859065726
1720,0.008708759102470025
1721,0.008558912743584732
1722,0.008601814631539669
1723,0.0077959339823598485
1724,0.008169490038270003
1725,0.007818071052073496
1726,0.008256554512793569
1727,0.007751596823844028
1728,0.008016376933651698
1729,0.008364956869365376
1730,0.0075957444142883196
1731,0.007640381601554162
1732,0.007121592190072365
1733,0.007618073905702351
1734,0.008060222288808937
1735,0.007371226748777736
1736,0.0072127009396335765
1737,0.006869005354184334
1738,0.007461303705934088
1739,0.006799582041932377
1740,0.007303427662227915
1741,0.006776388452921148
1742,0.006938195564257376
1743,0.006354220051116228
1744,0.007121592190072365
1745,0.006613282932799242
1746,0.007007156533814558
1747,0.006915157820381835
1748,0.006354220051116228
1749,0.006753168371988485
1750,0.006067524808742652
1751,0.005898189865701234
1752,0.006448825172769797
1753,0.005849511329142432
1754,0.0059951480957895625
1755,0.005873867406402297
1756,0.006019305870373213
1757,0.006067524808742652
1758,0.005922478937775651
1759,0.005849511329142432
1760,0.005455041936511131
1761,0.00565342379881874
1762,0.005579306705229573
1763,0.005776239038623513
1764,0.005751746123636646
1765,0.005529712612734037
1766,0.005628754282638409
1767,0.005751746123636646
1768,0.004423148002357414
1769,0.005922478937775651
1770,0.004792636847177552
1771,0.005304665736175473
1772,0.0049738331128700965
1773,0.005304665736175473
1774,0.0055545281092841915
1775,0.005504859939166841
1776,0.004688066962911722
1777,0.0045562494195496815
1778,0.005101920087793908
1779,0.005050815378940498
1780,0.004999537721142579
1781,0.004792636847177552
1782,0.005178259143751033
1783,0.004766566243021148
1784,0.004922290440201569
1785,0.004396368031358496
1786,0.005050815378940498
1787,0.0046091270477739065
1788,0.003932281558605461
1789,0.004369533573494852
1790,0.004922290440201569
1791,0.004844636918265024
1792,0.004896451598969832
1793,0.004529733845638902
1794,0.004369533573494852
1795,0.004396368031358496
1796,0.004015457938390024
1797,0.004098063887341351
1798,0.003960071623928659
1799,0.0043156989513627505
1800,0.00428869763789953
1801,0.004098063887341351
1802,0.003960071623928659
1803,0.004098063887341351
1804,0.004423148002357414
1805,0.004449874035212967
1806,0.003960071623928659
1807,0.004098063887341351
1808,0.004180118445501183
1809,0.0038485144907345215
1810,0.0043156989513627505
1811,0.0043156989513627505
1812,0.004234524051290933
1813,0.004125475765147595
1814,0.004207350562158375
1815,0.004207350562158375
1816,0.0038765037826371217
1817,0.0039044258722273958
1818,0.0035070846769644256
1819,0.0037075307726744723
1820,0.0032732093033753266
1821,0.0038204571799414244
1822,0.003735868694391005
1823,0.0033615459028404782
1824,0.0037075307726744723
1825,0.0037075307726744723
1826,0.0040705907530510415
1827,0.0039044258722273958
1828,0.0036220789436044146
1829,0.0040430556716553575
1830,0.0038485144907345215
1831,0.0033027421740216864
1832,0.0038485144907345215
1833,0.0038485144907345215
1834,0.0033908193050521986
1835,0.003593445792041677
1836,0.003535949697640634
1837,0.0034491153001053074
1838,0.0034781402459526014
1839,0.0035647363855039814
1840,0.003932281558605461
1841,0.0036791204666404317
1842,0.003535949697640634
1843,0.0034781402459526014
1844,0.003243587341768629
1845,0.0032138749289681795
1846,0.0034200087069590104
1847,0.0037075307726744723
1848,0.0034781402459526014
1849,0.0032732093033753266
1850,0.0033027421740216864
1851,0.0035070846769644256
1852,0.0031241808040665554
1853,0.0034781402459526014
1854,0.003735868694391005
1855,0.003243587341768629
1856,0.003535949697640634
1857,0.0036791204666404317
